feature,f_score,p_value
GraphFP540,49.66397172857392,4.831068797828681e-12
GraphFP140,49.34348813093803,5.620649225579271e-12
GraphFP858,47.341327732523496,1.4500906619961847e-11
GraphFP116,46.72029908612571,1.9470761671484973e-11
PubchemFP590,46.35774852354089,2.3129742876971e-11
SubFP169,45.80761581847227,3.0043637825780454e-11
GraphFP517,45.1585850556439,4.091732977825386e-11
PubchemFP712,43.88363126533466,7.51505139670995e-11
GraphFP271,42.96584322918005,1.1652014269941232e-10
GraphFP988,40.86804377986736,3.1846934211929514e-10
FP526,40.49359681765687,3.81245956155111e-10
PubchemFP667,37.56586966713548,1.5640120642012137e-09
GraphFP1004,36.95472963532207,2.1022518211175757e-09
GraphFP783,36.275449874783796,2.9217917641597094e-09
PubchemFP644,36.175879396984925,3.066359642878174e-09
PubchemFP375,36.170394420394395,3.0745290095287346e-09
ExtFP492,35.54574132492121,4.163546878956879e-09
FP146,35.50535882705994,4.2460278450137025e-09
GraphFP348,35.35548172757476,4.566764639982767e-09
FP636,35.25802948021724,4.7882609324164365e-09
AD2D91,35.1915526472338,4.945515659349757e-09
MACCSFP77,35.1915526472338,4.945515659349757e-09
PubchemFP477,35.03629208570179,5.333304328880338e-09
GraphFP699,34.432313377679215,7.155510746189991e-09
ExtFP404,33.240494474620725,1.2794721228246848e-08
GraphFP171,33.04247422680412,1.409393307312783e-08
GraphFP892,32.87972453037585,1.5260434427895176e-08
GraphFP983,32.61212861212861,1.7393135525278048e-08
GraphFP786,32.520012565116104,1.819459781559375e-08
ExtFP743,32.26181155145598,2.0644504008118683e-08
ExtFP243,31.85948760033853,2.513946206960226e-08
FP351,30.909212351641592,4.006380160990665e-08
FP725,30.781736076266927,4.265188805633688e-08
ExtFP257,30.721918922058318,4.392360901864735e-08
PubchemFP617,30.652778168518783,4.5441110438162975e-08
ExtFP159,30.168917613209295,5.764329146730351e-08
GraphFP698,29.5260093167702,7.910345730957455e-08
ExtFP311,29.4292516523346,8.296603393543078e-08
FP599,29.322720827043653,8.743843204296813e-08
GraphFP489,29.209565370049923,9.245471463908266e-08
GraphFP716,29.1141654164449,9.690801305997699e-08
GraphFP498,28.523907744234002,1.2968164457213874e-07
GraphFP277,28.268148625429546,1.4714954518682392e-07
PubchemFP613,28.26072250669434,1.4769063361831398e-07
GraphFP552,27.588509356088466,2.0595535649949484e-07
GraphFP940,27.588509356088466,2.0595535649949484e-07
PubchemFP467,27.380233678914813,2.283345521072431e-07
ExtFP968,27.259495754064847,2.424112943268089e-07
PubchemFP450,26.967626816212107,2.801521592981888e-07
GraphFP641,26.94053208137717,2.839423281839548e-07
GraphFP679,26.90701754385962,2.887019459025877e-07
GraphFP695,26.883827809835054,2.920421501344465e-07
GraphFP904,26.79549057600847,3.0512594598301603e-07
ExtFP194,26.70045965990804,3.198601196931028e-07
PubchemFP390,26.700385678277417,3.198718645889763e-07
FP403,26.47734138972807,3.573280941741576e-07
FP322,26.467587286501008,3.590632346942119e-07
PubchemFP614,26.462803293420453,3.5991734506119433e-07
PubchemFP431,26.43128869598514,3.655950901503916e-07
GraphFP741,26.280501839023326,3.9403305708826053e-07
GraphFP891,26.241650730301277,4.017140175797678e-07
FP666,26.04354458466234,4.4328561712926356e-07
ExtFP824,25.84140980357283,4.901672445943878e-07
ExtFP424,25.674392183594495,5.326456090867388e-07
GraphFP937,25.459330143540686,5.928438092529679e-07
FP837,25.447154471544692,5.96449706086584e-07
ExtFP442,25.346409933417263,6.271448894849422e-07
FP338,25.156799425906,6.892920914980793e-07
FP619,25.05202867489455,7.262519102000731e-07
FP775,24.834754098360634,8.093780003554107e-07
FP249,24.825939602407782,8.129453264295715e-07
FP235,24.79356013198317,8.261859549210922e-07
ExtFP829,24.593170458261344,9.130949808275566e-07
PubchemFP346,24.54703888978539,9.343711507241342e-07
ExtFP491,24.53336425300015,9.407732856027877e-07
GraphFP60,24.314347345984928,1.0495385930506083e-06
FP973,24.29514493354338,1.0596577998131187e-06
ExtFP953,24.263565891472883,1.0765130627845727e-06
ExtFP807,24.19239736216889,1.1154946927489564e-06
GraphFP302,24.168663636780995,1.128807788680424e-06
AD2D92,23.99151146585609,1.233361734418097e-06
MACCSFP117,23.99151146585609,1.233361734418097e-06
GraphFP196,23.9395151456027,1.265860613811685e-06
FP271,23.89631179843988,1.2935180781872721e-06
FP895,23.823417480654527,1.3415680794616746e-06
GraphFP285,23.776967487085972,1.3731193601605561e-06
GraphFP553,23.776967487085972,1.3731193601605561e-06
FP14,23.67639959284567,1.444012173011891e-06
FP339,23.66450088600118,1.4526398944122627e-06
ExtFP947,23.561479113088208,1.5295430217021296e-06
GraphFP969,23.529588645657928,1.5541688862436038e-06
PubchemFP406,23.485873089393206,1.58857564699063e-06
FP186,23.454954470109577,1.6133721909556963e-06
GraphFP73,23.06387617178982,1.962785500237645e-06
FP1005,23.043112881341116,1.983334253579442e-06
GraphFP397,23.02027845036317,2.0061827771594527e-06
ExtFP579,22.980047666251878,2.0470847244681106e-06
GraphFP154,22.623676531888282,2.4480974146721334e-06
EStateFP34,22.51573663858229,2.5845087685089796e-06
KRFP1148,22.51573663858229,2.5845087685089796e-06
KRFP2949,22.51573663858229,2.5845087685089796e-06
MACCSFP139,22.51573663858229,2.5845087685089796e-06
PubchemFP308,22.51573663858229,2.5845087685089796e-06
GraphFP390,22.327608982826955,2.8408039465544175e-06
ExtFP540,22.28819943033361,2.8976534534653e-06
ExtFP303,22.0819401065589,3.2144117994056536e-06
FP26,22.02665001041014,3.305096354521324e-06
MACCSFP69,22.004304160688626,3.3424737513416088e-06
ExtFP850,21.88887693920895,3.5424300512913323e-06
MACCSFP57,21.88887693920895,3.5424300512913323e-06
ExtFP555,21.80111086315062,3.702490766294871e-06
FP870,21.794153575791352,3.7154860989800455e-06
GraphFP869,21.727004380118117,3.843296593786561e-06
FP882,21.718367346938805,3.860054234882776e-06
FP368,21.552775792232545,4.195946414226961e-06
GraphFP865,21.518260948614785,4.269581845951911e-06
PubchemFP696,21.518260948614785,4.269581845951911e-06
GraphFP713,21.42880291675108,4.466548224980805e-06
ExtFP288,21.388080940319323,4.559213905946449e-06
FP594,21.388080940319323,4.559213905946449e-06
FP645,21.37095580230781,4.598759138632902e-06
PubchemFP620,21.00782713219463,5.523607892942737e-06
PubchemFP632,21.00782713219463,5.523607892942737e-06
FP416,20.7455463533187,6.306154025105767e-06
FP691,20.65154639175253,6.6130199653251035e-06
GraphFP943,20.65154639175253,6.6130199653251035e-06
GraphFP387,20.649932679361417,6.6184172191381205e-06
ExtFP165,20.616766467065847,6.7303332202661195e-06
FP286,20.616766467065847,6.7303332202661195e-06
ExtFP145,20.61054627824896,6.751533850038305e-06
ExtFP119,20.60732280819612,6.762547028600093e-06
ExtFP740,20.597309983751625,6.796871933992685e-06
FP69,20.57806564721924,6.863336702484341e-06
ExtFP853,20.357428974970478,7.67377808320443e-06
FP548,20.32467532467536,7.802044334769064e-06
FP279,20.31280914668753,7.849044251315042e-06
KRFP3926,20.26732901500657,8.031839138717186e-06
ExtFP200,20.09527281950479,8.763022093447664e-06
GraphFP120,19.99502461088189,9.219584490329589e-06
ExtFP938,19.896693305960845,9.690690161084953e-06
ExtFP800,19.892719137685578,9.710232063567827e-06
ExtFP90,19.830872342653663,1.0019512852938917e-05
FP127,19.814272261169805,1.0104201874895527e-05
GraphFP738,19.801124132982544,1.017179135580857e-05
FP375,19.782591791606922,1.0267832989431443e-05
KRFP3773,19.782591791606922,1.0267832989431443e-05
PubchemFP437,19.706837186424075,1.0670013816863768e-05
FP327,19.624130786478606,1.1127245278014003e-05
FP800,19.55181205609175,1.154319779404001e-05
FP811,19.545533391153466,1.158004120118313e-05
ExtFP708,19.527197731374063,1.168831487885931e-05
ExtFP41,19.50981146594842,1.1791924061735965e-05
GraphFP735,19.508850660683123,1.1797676643994164e-05
ExtFP133,19.36112000732029,1.2716671831874675e-05
ExtFP320,19.2971148334501,1.3136907959634079e-05
FP135,19.28084563513764,1.3245937939171305e-05
GraphFP880,19.27617162452255,1.327742960829794e-05
ExtFP610,19.204844804613263,1.376746752250617e-05
ExtFP247,19.074792243767334,1.4708359420429693e-05
GraphFP618,19.06900428641697,1.4751707723861091e-05
GraphFP638,19.06900428641697,1.4751707723861091e-05
FP23,19.050050917600093,1.489455983859437e-05
FP763,19.0217880615828,1.5110170658923006e-05
FP195,18.827417198871206,1.6680659024242034e-05
MACCSFP95,18.791104746842024,1.69918049570684e-05
ExtFP467,18.721697136943767,1.760289525649872e-05
PubchemFP515,18.721697136943767,1.760289525649872e-05
ExtFP593,18.640093818240622,1.834974991157464e-05
ExtFP935,18.539565016196203,1.931386810737576e-05
ExtFP621,18.492524539302988,1.978238251554659e-05
ExtFP777,18.459698922925167,2.0116088071983925e-05
GraphFP475,18.456800908534962,2.0145820439377065e-05
FP528,18.362544641924714,2.1137376267259738e-05
ExtFP560,18.351313320825483,2.1258760656397372e-05
GraphFP754,18.287569102804678,2.1961116154423487e-05
ExtFP244,18.263081734584357,2.2237102504385375e-05
GraphFP129,18.205894849833392,2.2895322011053595e-05
FP923,18.10876832090513,2.405856338776806e-05
ExtFP453,18.049556990539113,2.479675331213289e-05
GraphFP44,18.049556990539113,2.479675331213289e-05
ExtFP978,17.943502971478974,2.6176474684433726e-05
GraphFP14,17.93553521687233,2.6283205224087292e-05
AD2D170,17.922073521937985,2.646452630084885e-05
PubchemFP621,17.90505542038389,2.669555566238516e-05
ExtFP537,17.90164258856131,2.6742130729305764e-05
GraphFP691,17.842728844288892,2.7559164121844084e-05
ExtFP324,17.824707103663055,2.781408599385612e-05
FP733,17.824707103663055,2.781408599385612e-05
ExtFP164,17.781596296815835,2.8433584748240623e-05
FP393,17.743171154958535,2.8997465947092708e-05
GraphFP195,17.70904202466536,2.9507750445403997e-05
FP79,17.693108469345614,2.974907229479405e-05
FP799,17.623011015911878,3.083458716347188e-05
GraphFP588,17.537855985181817,3.2207152342704205e-05
FP875,17.48806506125898,3.3038073009729296e-05
ExtFP353,17.45429530709614,3.361389653741089e-05
ExtFP137,17.433946506199536,3.396574765922433e-05
FP457,17.39669209564703,3.461956413790508e-05
GraphFP723,17.361077346299016,3.5256465660653194e-05
FP346,17.356989360029353,3.533032321365345e-05
MACCSFP124,17.327083111631367,3.587540477427073e-05
KRFP3788,17.22985870567422,3.7706736338182005e-05
FP926,17.18381455876374,3.860663781608143e-05
ExtFP955,17.1684143193293,3.8912432683234425e-05
FP466,17.146238852842693,3.9357055308885235e-05
MACCSFP94,17.111482438993626,4.006425809885273e-05
ExtFP315,17.10906069616929,4.011400915970116e-05
FP236,17.026825565851748,4.1840896757084076e-05
ExtFP29,17.02559759081498,4.1867243721176606e-05
ExtFP889,16.817478656386044,4.65831825398763e-05
ExtFP846,16.779842744817742,4.749154913798294e-05
ExtFP39,16.652873019626405,5.068993665972603e-05
GraphFP731,16.649031961105816,5.079000812875296e-05
FP751,16.53785457451059,5.377451098516635e-05
ExtFP608,16.53751584587049,5.3783869181966374e-05
ExtFP952,16.53751584587049,5.3783869181966374e-05
GraphFP199,16.53751584587049,5.3783869181966374e-05
GraphFP576,16.493402490809064,5.501675149476603e-05
FP626,16.488864997696176,5.5145171557111515e-05
ExtFP246,16.44938500701828,5.627537199253666e-05
PubchemFP540,16.43976637673849,5.655424787134913e-05
GraphFP450,16.420770877944296,5.710909178988643e-05
FP993,16.40117375812196,5.7687264017688413e-05
PubchemFP365,16.35387059020228,5.910729203818099e-05
PubchemFP422,16.342501341315355,5.9453817650709314e-05
GraphFP952,16.33231406589071,5.976605817398639e-05
ExtFP868,16.220766408730793,6.329516748387549e-05
ExtFP318,16.180149592831775,6.463177500768173e-05
ExtFP487,16.12107999720213,6.662661355115772e-05
ExtFP11,16.09526585820893,6.751777804030174e-05
FP125,16.070206130676176,6.839440185132817e-05
ExtFP242,16.054176260090415,6.896116185758947e-05
ExtFP620,16.04506032269009,6.928558053473153e-05
ExtFP230,15.954615532858003,7.258896621582091e-05
PubchemFP665,15.940065823662133,7.313502340019024e-05
ExtFP184,15.881606765327755,7.537112518753693e-05
FP849,15.881606765327755,7.537112518753693e-05
ExtFP580,15.87427968019309,7.565621431994247e-05
ExtFP547,15.781512605042016,7.936120563848172e-05
FP261,15.709342250619533,8.236980963247692e-05
GraphFP72,15.709342250619533,8.236980963247692e-05
GraphFP966,15.643889105818099,8.51978327543582e-05
GraphFP917,15.628844754081227,8.586158243057039e-05
FP912,15.601246105919062,8.709282032854702e-05
PubchemFP628,15.560177793121237,8.895803740059091e-05
PubchemFP755,15.54963501492449,8.944333270846162e-05
FP470,15.50504068369072,9.152578921418451e-05
GraphFP581,15.46292491595069,9.353742177641221e-05
ExtFP632,15.398658263874752,9.669343312875066e-05
FP92,15.365169477375158,9.838038052330338e-05
ExtFP19,15.285835028129227,0.00010249626305376008
ExtFP3,15.235825565765458,0.00010517964880193476
FP646,15.17940960762743,0.00010829203354977087
ExtFP209,15.170436970824907,0.0001087955406922239
ExtFP458,15.149498806682587,0.0001099797154725073
FP622,15.149498806682587,0.0001099797154725073
ExtFP302,15.102904972919754,0.00011266177823565495
ExtFP443,15.058335284781325,0.00011528910887047783
PubchemFP545,15.011990407673453,0.00011808672210871944
PubchemFP193,14.974145252099529,0.00012042202092202839
GraphFP422,14.959002644073378,0.00012136943207220173
ExtFP439,14.86929190427013,0.00012713869074247207
FP827,14.820191743298752,0.00013041276120892133
ExtFP530,14.757966041267439,0.0001346846942228946
FP224,14.744567419444252,0.00013562287501261712
PubchemFP555,14.713191326367806,0.0001378457560193428
ExtFP771,14.70864661654133,0.00013817076859943403
AD2D414,14.676971170545311,0.0001404576182639577
GraphFP487,14.603721996824838,0.00014589344062793146
MACCSFP79,14.57670819893316,0.00014795134082134706
ExtFP172,14.565838180856709,0.0001487876636210885
GraphFP922,14.543688588445224,0.00015050662692286425
FP1015,14.543688588445221,0.00015050662692286425
GraphFP382,14.543608453224815,0.0001505128822530314
GraphFP259,14.5090255871013,0.0001532370677754485
FP588,14.479816325131909,0.00015557672337332108
GraphFP660,14.436904925229797,0.00015907952506646742
FP707,14.389831213969119,0.00016301380290440815
SubFP88,14.338153792864567,0.00016744613686919897
GraphFP134,14.31591978886077,0.00016939040139279414
ExtFP478,14.299492385786849,0.00017084154016265557
ExtFP462,14.28815977175461,0.0001718499372259026
PubchemFP600,14.288159771754572,0.0001718499372259084
GraphFP948,14.26158484065461,0.00017423827106340545
FP928,14.156490275893239,0.00018401647814626304
FP356,13.960093896713609,0.0002038012061409086
AD2D13,13.938490972665141,0.00020610474121248189
MACCSFP52,13.938490972665141,0.00020610474121248189
PubchemFP300,13.938490972665141,0.00020610474121248189
ExtFP149,13.897101322357504,0.00021059190908713678
FP405,13.807319464110643,0.00022066776654458485
FP878,13.78475089457746,0.0002232762937965948
ExtFP307,13.761750320403838,0.0002259668234665336
FP173,13.761750320403838,0.0002259668234665336
GraphFP31,13.729436152570482,0.00022980228052195235
ExtFP637,13.684914182475143,0.00023519474719971173
FP486,13.668122270742334,0.000237261629763303
ExtFP513,13.65969535783367,0.00023830579024799182
FP282,13.640298433717057,0.0002407269058533625
ExtFP120,13.63012281254216,0.00024200694983471242
FP629,13.60264753499888,0.0002454976823856888
GraphFP532,13.60264753499888,0.0002454976823856888
FP571,13.576985122781847,0.0002488040509642592
SubFP287,13.56976716921852,0.000249742103910566
ExtFP173,13.47517938204716,0.00026237043780609866
FP427,13.43743760013004,0.000267587753173827
MACCSFP127,13.437437600129778,0.00026758775317386357
MACCSFP143,13.437437600129778,0.00026758775317386357
FP172,13.38148241841642,0.0002755165310214935
FP38,13.338305012517955,0.0002817967513302418
ExtFP629,13.282331557821923,0.00029015416084496
ExtFP174,13.241930429332537,0.00029634180896586786
FP987,13.234672304439725,0.00029746748747542487
KRFP3882,13.207672188317398,0.00030169308917807894
ExtFP903,13.186830333922735,0.0003049963751869384
FP618,13.168064670346375,0.0003080018822924983
ExtFP228,13.134015211119795,0.0003135319313155648
FP12,13.129831859941111,0.00031421824922708136
FP708,13.129831859941111,0.00031421824922708136
FP920,13.129831859941111,0.00031421824922708136
FP1011,13.114322191272047,0.0003167760406476799
FP88,13.108926925280912,0.0003176707338048393
PubchemFP601,13.036234902124093,0.0003299773977623681
FP77,13.034168377823438,0.00033033422050900515
FP596,13.00485598955959,0.0003354377652517533
GraphFP456,12.941237273243745,0.0003467904559823727
ExtFP207,12.881145807830148,0.0003578705366841904
GraphFP678,12.818751057708626,0.0003697545624938976
ExtFP835,12.788920071597419,0.0003755766167607253
FP754,12.776692738464396,0.0003779897184839603
ExtFP520,12.749168945928933,0.0003834791777985616
GraphFP707,12.641735228122688,0.0004056893740927924
KRFP3740,12.616887074974152,0.0004110090341313043
GraphFP681,12.590234780801923,0.00041679342885262463
FP568,12.587342281204457,0.00041742612793323235
GraphFP173,12.551118475559166,0.00042543243652925
KRFP3640,12.538133664390692,0.0004283400690923764
FP331,12.425886774723976,0.000454328545380898
FP156,12.414084816523793,0.0004571521551427123
ExtFP455,12.41046040357688,0.00045802285297951925
FP774,12.395204741379318,0.000461706181497803
FP153,12.37512054001932,0.0004666010713350005
ExtFP969,12.309276104363015,0.00048302004235329933
EStateFP11,12.288868946508133,0.00048822656421418137
FP876,12.288868946508133,0.00048822656421418137
PubchemFP698,12.268395056494196,0.0004935072076588261
ExtFP570,12.245620804074377,0.0004994491248705647
ExtFP377,12.242421645095845,0.0005002895831555709
ExtFP590,12.242421645095845,0.0005002895831555709
PubchemFP335,12.242421645095845,0.0005002895831555709
PubchemFP818,12.242421645095845,0.0005002895831555709
SubFP3,12.242421645095845,0.0005002895831555709
ExtFP916,12.159298138073737,0.0005226363374426343
FP507,12.159298138073737,0.0005226363374426343
ExtFP175,12.144078801507627,0.0005268360439900345
FP168,12.144078801507627,0.0005268360439900345
FP692,12.128761074471388,0.000531097403763187
FP834,12.128761074471388,0.000531097403763187
FP676,12.075409004438798,0.0005462142002248241
FP835,12.068838237440843,0.0005481058520889899
ExtFP49,12.018539814321407,0.0005628077038410036
FP867,12.018539814321407,0.0005628077038410036
ExtFP711,11.993878013755564,0.0005701614277148194
FP1008,11.97298896347704,0.0005764662527723938
ExtFP179,11.969989038035962,0.0005773774831903546
FP76,11.96405019328966,0.000579185717762151
ExtFP837,11.919721504298705,0.0005928651578082572
ExtFP36,11.872486856059718,0.0006078017250081276
PubchemFP376,11.868905742145095,0.0006089495721313956
ExtFP987,11.837605987517707,0.0006190759429107584
ExtFP812,11.814353575555282,0.0006267090462035244
FP357,11.744976547570774,0.0006500549168043375
ExtFP130,11.732701527483522,0.0006542763679042484
PubchemFP656,11.681872037914642,0.000672054608906744
ExtFP936,11.655972766659781,0.000681300619690038
PubchemFP449,11.653826333419342,0.0006820726528564132
FP337,11.632484514796994,0.0006897973044460596
ExtFP40,11.609553225500585,0.0006981960863504807
ExtFP666,11.515116797148497,0.0007338906610708968
ExtFP573,11.513173019449184,0.0007346444689414192
FP936,11.510903556685935,0.00073552557213798
ExtFP619,11.489812853492923,0.0007437652838872426
ExtFP822,11.483537158984033,0.0007462350822339523
FP163,11.472157579787183,0.0007507347318779616
GraphFP505,11.461203138622562,0.00075509224891274
FP896,11.418994292163148,0.0007721233432032079
PubchemFP357,11.418994292163148,0.0007721233432032079
ExtFP252,11.385389392595187,0.0007859607831761047
FP698,11.370510957563544,0.0007921672719168164
FP294,11.35534883720926,0.0007985432100938144
FP859,11.337848685530798,0.0008059670284314039
FP1010,11.333201089687595,0.0008079503359142407
PubchemFP638,11.333201089687595,0.0008079503359142407
GraphFP899,11.321692165343407,0.0008128829547581624
GraphFP485,11.291563834581655,0.0008259407236338742
FP847,11.267098632109443,0.0008367003613403838
MACCSFP98,11.262559667786856,0.0008387121402211002
GraphFP163,11.126322263222638,0.0009014339220521909
GraphFP605,11.121905605590857,0.0009035450465851452
FP16,11.119127240831078,0.0009048756490740914
PubchemFP539,11.089746021709198,0.0009190689658764174
FP82,11.069215071634412,0.0009291207384866256
ExtFP156,11.053903345724901,0.0009366897356142438
FP892,11.053903345724901,0.0009366897356142438
FP558,11.000359407491072,0.0009636530598887457
FP853,10.98779598385763,0.0009700928738643515
PubchemFP523,10.966775746711935,0.0009809652756535155
ExtFP738,10.960080116030072,0.0009844543777183393
FP980,10.909847148062449,0.0010110354888371966
GraphFP451,10.860831871194108,0.001037674056992895
ExtFP96,10.843112631533378,0.0010474782838426498
FP401,10.830908731391775,0.0010542854172617617
FP917,10.77464859563981,0.0010862514160027627
ExtFP283,10.774462509677766,0.0010863587621916084
FP697,10.723089397932315,0.0011164095131272066
FP287,10.67979002624668,0.0011423917963579281
ExtFP498,10.677195198989246,0.001143968199759218
FP371,10.677195198989246,0.001143968199759218
FP1012,10.677195198989246,0.001143968199759218
ExtFP224,10.664583824569702,0.00115166132346497
FP934,10.637789645386862,0.0011681808859696605
ExtFP663,10.599390450389507,0.0011922755565418278
FP110,10.56738760511976,0.0012127416345313361
ExtFP473,10.558155821418135,0.0012187114336087317
FP215,10.558155821418135,0.0012187114336087317
ExtFP964,10.556492411467069,0.001219790256445364
GraphFP175,10.556492411467069,0.001219790256445364
ExtFP449,10.482250502344286,0.001268940924278588
FP512,10.466039707418972,0.0012799377223447236
FP941,10.387886330636867,0.001334327196954674
GraphFP309,10.376988835880235,0.0013420953269306277
ExtFP594,10.36816202915011,0.0013484210410010754
ExtFP406,10.333016960343404,0.0013739093656939144
MACCSFP92,10.28390901432172,0.0014103456550205611
FP569,10.283626123105812,0.0014105583679277199
AD2D703,10.16427889207269,0.0015032691529034948
ExtFP87,10.156943262056206,0.0015091655096002776
FP329,10.156943262056206,0.0015091655096002776
ExtFP375,10.121828885193073,0.0015377173711827756
ExtFP98,10.093444515110823,0.0015611976277321422
FP534,10.090746268656702,0.0015634485550590001
FP589,10.044403112147334,0.0016026276076838992
FP336,10.036746568844437,0.0016091958980936462
ExtFP591,10.026397745810455,0.0016181172927184969
AD2D492,9.990836811303657,0.0016491580712354704
FP45,9.984767371267713,0.0016545161547405693
ExtFP731,9.981193785772655,0.001657679174723139
FP564,9.964480817129601,0.0016725537661498166
FP506,9.960595909732014,0.0016760307277549416
FP109,9.92603329380249,0.0017072891667120752
GraphFP787,9.906423621948957,0.001725286908438442
ExtFP180,9.896115627822951,0.0017348247678398232
FP247,9.853115880538844,0.0017751934360633183
ExtFP554,9.843913803145039,0.0017839557389353622
ExtFP16,9.835880439452524,0.0017916411141719127
PubchemFP259,9.813307773174222,0.00181341659520584
GraphFP542,9.810880989180855,0.0018157736319526603
GraphFP396,9.792208911488403,0.001834013529322633
ExtFP393,9.769410340653696,0.0018565371668619716
FP886,9.758751053314805,0.001867164177016696
FP617,9.75611307600316,0.0018698036981778983
ExtFP154,9.71397867950481,0.0019124806644540886
AD2D403,9.69969551236447,0.0019271714236104099
ExtFP721,9.675020885547195,0.0019528210264319334
FP323,9.656471844141963,0.001972331326478204
ExtFP667,9.623457961662606,0.002007547754945575
GraphFP486,9.570811451804222,0.0020650346458852857
PubchemFP699,9.506279228626962,0.0021377898867134923
PubchemFP442,9.498947107642975,0.0021462195877219132
FP362,9.487241759974761,0.002159747297484286
ExtFP215,9.438623210478216,0.0022168698320203977
ExtFP688,9.434397163120552,0.002221907102804683
PubchemFP452,9.428487380125903,0.0022289708491338408
FP492,9.416475686486871,0.002243398473069143
PubchemFP387,9.36962560636836,0.0023005855395897635
FP410,9.35562542302569,0.0023179609187199174
FP380,9.336402135886594,0.0023420363767926054
GraphFP283,9.323239407566255,0.0023586681447530806
KRFP3750,9.305962773842912,0.002380680598661295
PubchemFP405,9.304813274591282,0.002382152591482075
ExtFP575,9.29671120246662,0.0023925540150299424
FP562,9.29671120246662,0.0023925540150299424
GraphFP155,9.29671120246662,0.0023925540150299424
FP399,9.21048090459109,0.002506162296675959
GraphFP45,9.171357136323438,0.0025595041169546025
GraphFP851,9.170916983179616,0.002560110756350768
FP576,9.15539305301649,0.002581600433344396
ExtFP918,9.104423531780002,0.0026534572581356827
PubchemFP392,9.104423531780002,0.0026534572581356827
AD2D319,9.052585451358452,0.002728628670255325
AD2D397,9.052585451358452,0.002728628670255325
ExtFP95,9.035796766743678,0.0027534363320241176
ExtFP191,9.035796766743678,0.0027534363320241176
FP801,8.98698968147147,0.002826868202858355
FP419,8.985237685839436,0.0028295409120596767
FP546,8.985050906381908,0.0028298260001412387
AD2D475,8.981975809639211,0.002834523836741955
FP877,8.977555588718095,0.0028412905430418058
PubchemFP530,8.940244945648768,0.00289906726756242
KRFP4695,8.885268661566176,0.002986388672996214
FP42,8.846764774585374,0.0030491376157781086
PubchemFP538,8.83854682925699,0.0030627032488109887
MACCSFP97,8.835337166753806,0.003068018228841331
ExtFP956,8.834807529741706,0.0030688961741534506
ExtFP701,8.829710070267199,0.00307735900461672
GraphFP96,8.82534549873328,0.0030846239848736625
GraphFP717,8.825187969924817,0.0030848865235298967
PubchemFP345,8.818806725802188,0.0030955407152001846
ExtFP422,8.780259740259757,0.0031607013536703653
FP831,8.75699440447636,0.003200704287146505
FP523,8.72514402527414,0.003256306786387801
MACCSFP81,8.717969123030405,0.0032689675837706362
ExtFP861,8.62538353453961,0.0034369183560402565
ExtFP413,8.6165936368832,0.003453313740539246
FP721,8.595694185455057,0.003492617468682841
GraphFP149,8.572945779765238,0.0035359170725297704
GraphFP984,8.572945779765238,0.0035359170725297704
ExtFP717,8.569655629766459,0.0035422247388966167
GraphFP128,8.569655629766292,0.0035422247388967646
FP364,8.544042039483022,0.0035917235011250002
ExtFP900,8.534811852390456,0.0036097334231895042
FP378,8.534811852390456,0.0036097334231895042
FP806,8.523449319213329,0.003632030503759059
MACCSFP110,8.50675570740805,0.0036650439972918786
FP447,8.465173219260963,0.0037486152025429146
MACCSFP144,8.444554564475345,0.003790772261519373
GraphFP136,8.436578996455903,0.0038072086041983236
FP68,8.426773027545822,0.0038275167881477966
ExtFP924,8.386190153321175,0.003912746092593608
FP48,8.360084085569449,0.003968593300093619
FP901,8.35657075051914,0.003976171022926911
ExtFP454,8.343576453165626,0.0040043262408753924
FP664,8.325566058474385,0.004043686781801342
GraphFP733,8.305534495830178,0.004087928490204736
ExtFP992,8.286888084369597,0.004129554870960847
GraphFP896,8.281107895824718,0.0041425462457658395
ExtFP340,8.276029277218619,0.004153995217313024
ExtFP804,8.23871761009149,0.004239105049320967
GraphFP197,8.232774354239586,0.004252825359373758
FP66,8.22670335240029,0.00426688738459369
FP467,8.189429618001032,0.004354269646623492
FP843,8.189429618001032,0.004354269646623492
ExtFP921,8.167306216423658,0.00440699628157293
GraphFP708,8.162999185004074,0.004417336789095704
ExtFP197,8.133159503686407,0.004489660903243438
SubFP137,8.091695684288341,0.004592171757832846
ExtFP387,8.051446945337618,0.004693965538543331
FP354,8.042812493444874,0.004716101670034647
ExtFP902,8.036693172226931,0.004731854305288596
GraphFP774,8.032506415739974,0.004742663001884613
GraphFP404,8.0138990490125,0.00479100650104477
ExtFP7,8.01147396293028,0.004797344051971617
MACCSFP75,8.006461320587734,0.0048104709027993785
FP5,7.998003693167637,0.004832702552513746
PubchemFP385,7.998003693167637,0.004832702552513746
FP366,7.961530376287571,0.004929784989150382
GraphFP736,7.961530376287571,0.004929784989150382
ExtFP470,7.957627118644052,0.004940291795681348
PubchemFP440,7.925601421130267,0.005027367454692251
FP779,7.876276165239068,0.005164558844232229
ExtFP833,7.875629043853405,0.005166383931764406
ExtFP879,7.875629043853405,0.005166383931764406
FP620,7.875629043853405,0.005166383931764406
AD2D704,7.868905223783239,0.005185386291493115
PubchemFP418,7.852577992429221,0.005231827023688888
FP87,7.843999306278261,0.00525639816514405
PubchemFP672,7.8199265182623305,0.005325979520731589
MACCSFP123,7.8145805592543125,0.005341559140005184
PubchemFP380,7.8145805592543125,0.005341559140005184
FP615,7.808329324445051,0.005359836094643566
KRFP677,7.808329324445051,0.005359836094643566
FP554,7.793978182571966,0.0054020372994731496
FP570,7.763604150847891,0.005492479749191275
FP807,7.763604150847891,0.005492479749191275
ExtFP690,7.752571134727479,0.005525713999431619
FP326,7.71159420289857,0.005650957745616744
MACCSFP130,7.704550077981959,0.005672778414383661
AD2D85,7.6817171897744565,0.005744102368862969
PubchemFP342,7.6817171897744565,0.005744102368862969
ExtFP898,7.673775720808083,0.005769123879173
FP217,7.673775720808083,0.005769123879173
ExtFP645,7.673651170682069,0.005769517191090302
FP409,7.663351185921991,0.005802138215436689
ExtFP295,7.640306637078937,0.0058758075268233794
ExtFP914,7.638659010302272,0.005881111210341734
ExtFP901,7.579265985622431,0.006075603422953801
FP765,7.577232367230711,0.006082378181067232
FP1018,7.57569575620195,0.006087502345216874
GraphFP529,7.57569575620195,0.006087502345216874
FP913,7.550940386788122,0.00617066612040535
GraphFP587,7.550667779632797,0.006171588367459133
MACCSFP100,7.538975396340028,0.00621127750313373
GraphFP443,7.538397433226404,0.006213246128363485
FP139,7.538397433226225,0.006213246128363927
GraphFP784,7.5158489468655425,0.006290550073912109
PubchemFP671,7.495918790138761,0.00635969694616169
FP532,7.469528630596275,0.006452455566067437
FP160,7.461749778833168,0.006480060855823612
FP35,7.446246295686376,0.0065354402355247455
PubchemFP495,7.446246295686376,0.0065354402355247455
ExtFP600,7.433502216592803,0.0065813256195103075
FP762,7.427537842309302,0.006602913691386966
ExtFP664,7.395625854325322,0.006719657394091742
ExtFP446,7.38087993521949,0.006774314412316976
ExtFP940,7.353891336270189,0.006875532298957811
ExtFP856,7.335520058529477,0.006945316794550093
ExtFP574,7.320686070686057,0.007002193884278135
ExtFP967,7.266998341625212,0.0072120653487516735
FP145,7.266998341625212,0.0072120653487516735
FP695,7.25546122293236,0.007258000378595245
ExtFP605,7.255013807777625,0.0072597877885028595
ExtFP259,7.248548087813574,0.007285668562452525
ExtFP611,7.232425894884189,0.0073506145747442315
ExtFP862,7.223945185719435,0.007385015775286767
AD2D241,7.214197910264276,0.007424758570214834
ExtFP338,7.214197910264276,0.007424758570214834
GraphFP1005,7.183044275388215,0.007553258337174022
AD2D7,7.163199918628847,0.007636297066784737
EStateFP54,7.163199918628847,0.007636297066784737
KRFP341,7.163199918628847,0.007636297066784737
KRFP2259,7.163199918628847,0.007636297066784737
MACCSFP118,7.163199918628847,0.007636297066784737
PubchemFP294,7.163199918628847,0.007636297066784737
FP107,7.136126820145164,0.007751096409710005
ExtFP638,7.126951782964066,0.00779040196882165
MACCSFP147,7.1136363636363855,0.007847808653742084
ExtFP117,7.108587650816305,0.007869688395262467
ExtFP505,7.088663829258456,0.00795664512902104
FP601,7.081886075389985,0.00798645048028631
ExtFP456,7.081295563984618,0.007989052686559852
FP753,7.080388857730411,0.007993049961277558
GraphFP1008,7.044100932029945,0.008154723190429139
ExtFP753,7.029573717750471,0.008220382872853529
FP387,7.023854630840256,0.008246380394124118
ExtFP980,7.023200708796015,0.008249358326833465
FP256,7.023200708796015,0.008249358326833465
FP74,7.018636635439526,0.008270173664730375
ExtFP408,7.017417083564881,0.008275744783884669
FP944,7.003575171053381,0.008339247498089898
KRFP3956,7.003575171053381,0.008339247498089898
FP788,6.991508214879138,0.008395015054553262
ExtFP141,6.973117481063406,0.008480745050291076
FP1007,6.928866587957483,0.008690725527262327
FP343,6.920638501889543,0.008730354239645927
GraphFP752,6.917127071823202,0.008747322668971878
EStateFP24,6.912715740123669,0.00876868771840235
FP402,6.896587339157377,0.008847258114605917
ExtFP789,6.885846981178183,0.008899980916507557
GraphFP315,6.885846981178183,0.008899980916507557
ExtFP418,6.861279812328952,0.009021793630815603
FP745,6.849124484823672,0.009082695750200811
ExtFP345,6.849124484823608,0.009082695750200811
FP394,6.818692902319009,0.009237026211257821
ExtFP790,6.803361831618626,0.009315793626385616
FP694,6.796432725862721,0.009351619764418301
FP192,6.789143437535294,0.009389460947893323
ExtFP503,6.757009739849052,0.00955816225770628
ExtFP249,6.737096419942879,0.009664266557268755
ExtFP662,6.737096419942879,0.009664266557268755
ExtFP405,6.705597788527955,0.009834578429692611
FP816,6.6827111363779865,0.009960257944642954
PubchemFP366,6.679281457091592,0.009979233366398499
ExtFP722,6.665307776061551,0.010056930585208698
KRFP3821,6.665307776061551,0.010056930585208698
MACCSFP103,6.665307776061551,0.010056930585208698
PubchemFP37,6.665307776061551,0.010056930585208698
GraphFP446,6.639433235281931,0.0102024454414539
ExtFP572,6.6293390342274305,0.010259799139905235
AD2D626,6.602504943968357,0.010413883696188604
FP138,6.602504943968357,0.010413883696188604
PubchemFP553,6.58703604751531,0.01050378712624135
MACCSFP150,6.575400294756797,0.010571938455446028
ExtFP582,6.570831112386729,0.01059882463272479
ExtFP977,6.521392437623607,0.010894270895455955
FP144,6.521392437623607,0.010894270895455955
ExtFP344,6.5166772891438125,0.010922887656291187
MACCSFP131,6.516308119361574,0.010925131450446905
FP2,6.4587301587301535,0.011280957725572196
GraphFP929,6.454199697566807,0.011309456800225434
ExtFP407,6.424466338259462,0.011498344083715617
GraphFP388,6.42446633825946,0.011498344083715617
FP86,6.410154632899034,0.01159041679542246
ExtFP258,6.400656399899008,0.011651941265231338
ExtFP819,6.395586432366182,0.01168491932702226
ExtFP305,6.38891237393564,0.011728477902338578
FP244,6.38891237393564,0.011728477902338578
AD2D160,6.36754068716096,0.011869089454537813
FP133,6.36754068716096,0.011869089454537813
ExtFP210,6.344103937738561,0.012025284759971984
GraphFP958,6.340310600945326,0.01205076396072891
ExtFP872,6.330218658585374,0.012118820895427894
FP13,6.32134321223692,0.012179001283914801
FP665,6.297892193219582,0.012339497675144329
GraphFP303,6.297892193219582,0.012339497675144329
AD2D4,6.28822715299792,0.0124062767441469
PubchemFP293,6.28822715299792,0.0124062767441469
FP685,6.269524980719954,0.0125365557688407
ExtFP864,6.262531820236453,0.012585631345494858
ExtFP21,6.255928094139883,0.012632155730037536
ExtFP395,6.255928094139883,0.012632155730037536
AD2D404,6.207933461292412,0.012975655374505976
PubchemFP358,6.184448053950721,0.013147235321511635
ExtFP499,6.14586255259469,0.013434229365670512
FP349,6.137640008784855,0.013496218075640639
ExtFP471,6.131208345407123,0.013544911114913454
FP407,6.131208345407123,0.013544911114913454
GraphFP519,6.131208345407123,0.013544911114913454
FP257,6.105189829327781,0.01374374933264108
GraphFP573,6.099993047992001,0.0137838234626557
AD2D553,6.0717401285583055,0.014003810086251236
ExtFP433,6.067584752333996,0.014036469450893674
ExtFP391,6.065651572078293,0.014051690140921844
ExtFP437,6.065651572078293,0.014051690140921844
ExtFP612,6.031163270160964,0.014326110848217133
ExtFP843,6.0272142260647295,0.014357884030988014
FP873,6.0272142260647295,0.014357884030988014
ExtFP934,5.999846649286931,0.014580085822858928
ExtFP441,5.959137934937606,0.014917194421168135
GraphFP910,5.9535154544131395,0.014964382661877919
FP536,5.908311449285095,0.01534941681968452
FP791,5.908311449285095,0.01534941681968452
MACCSFP80,5.906155652465516,0.015368032885668898
ExtFP932,5.884010997608218,0.015560615518345075
FP976,5.870922241229265,0.015675613516108102
MACCSFP88,5.860431462475208,0.01576841942501105
PubchemFP33,5.860431462475208,0.01576841942501105
ExtFP106,5.853384864730044,0.015831075228182567
ExtFP786,5.851742620470334,0.015845714400900646
ExtFP356,5.851438053097378,0.015848430890280124
GraphFP745,5.837557935821499,0.015972742193209644
AD2D248,5.835922933499028,0.015987451583940784
FP266,5.818009388780868,0.016149531816049046
ExtFP381,5.800427655024903,0.016310261835546503
ExtFP720,5.800427655024903,0.016310261835546503
FP604,5.800427655024903,0.016310261835546503
ExtFP429,5.78605759355874,0.016442858935037073
ExtFP416,5.778461538461556,0.01651339991416194
ExtFP617,5.772777572851364,0.016566388839489778
PubchemFP585,5.772777572851249,0.0165663888394901
PubchemFP657,5.772777572851249,0.0165663888394901
FP783,5.768994470612346,0.016601754337752645
ExtFP750,5.766868653783181,0.016621661318171974
ExtFP687,5.725966025760705,0.017009534324083385
PubchemFP396,5.725966025760705,0.017009534324083385
FP344,5.702873160476557,0.017232643555874682
FP446,5.692565109850129,0.01733320893409232
ExtFP845,5.641454779530046,0.01784088815829672
FP350,5.628846359456834,0.017968478247225653
KRFP4843,5.61832418191219,0.018075679699646418
ExtFP176,5.584424125421619,0.018425584127316215
FP149,5.584424125421619,0.018425584127316215
ExtFP216,5.566933277204831,0.018608854382192532
ExtFP201,5.5562130177515,0.018722114245367582
KRFP839,5.5562130177515,0.018722114245367582
ExtFP707,5.548916611950126,0.01879960918461775
GraphFP546,5.53034800554094,0.018998328449057855
ExtFP181,5.515651816577624,0.01915714774409728
EStateFP29,5.49948814373763,0.019333415551776464
ExtFP773,5.482690713101156,0.019518376442960637
GraphFP522,5.470661672909007,0.019651957669086447
AD2D238,5.470661672908881,0.01965195766908731
ExtFP268,5.453910701336348,0.019839556136336475
FP367,5.451867249659551,0.01986256800625311
GraphFP493,5.449038504241383,0.01989446896406539
FP686,5.430256766134659,0.020107630397403955
ExtFP272,5.401534894219615,0.020438198097627765
FP933,5.392240408054432,0.020546373973560756
PubchemFP403,5.391578648897671,0.020554098614106633
FP265,5.386943620177903,0.020608287305741792
FP170,5.382446003576823,0.020661011190315406
FP644,5.350427350427307,0.021040421784145846
ExtFP852,5.332522056586571,0.021255738944930786
FP503,5.332522056586571,0.021255738944930786
ExtFP25,5.292081436646486,0.021750510102032387
PubchemFP476,5.282245565696591,0.02187264525523753
ExtFP284,5.25710594315245,0.022188059488242373
EStateFP16,5.247310962688986,0.022312227828736923
AD2D550,5.247310962688797,0.02231222782873952
ExtFP51,5.247310962688797,0.02231222782873952
ExtFP973,5.247310962688797,0.02231222782873952
FP471,5.247310962688797,0.02231222782873952
FP430,5.229938802172893,0.022534228678709946
ExtFP695,5.223105406072605,0.022622181223847095
MACCSFP112,5.204868963682311,0.022858652824794407
KRFP4000,5.1900510204081245,0.023052687956345633
ExtFP929,5.187086870712071,0.023091707373885703
GraphFP790,5.1870868707119815,0.023091707373886442
GraphFP676,5.183826946639081,0.023134699578453127
SubFP2,5.181954443258427,0.023159431954164398
FP959,5.171809138425241,0.02329391175909464
ExtFP552,5.166141326150474,0.023369393930735123
FP30,5.166141326150474,0.023369393930735123
AD2D316,5.158990707454349,0.023464986613784353
FP41,5.157915264979797,0.023479398744635723
FP140,5.157915264979797,0.023479398744635723
FP166,5.149236192714471,0.023596045411101576
PubchemFP697,5.138669012019953,0.023738882226209325
ExtFP250,5.136692105085458,0.023765703813424226
AD2D102,5.109778444111294,0.024134005335991283
SubFP181,5.109778444111294,0.024134005335991283
FP251,5.070805132759646,0.024677895599636183
ExtFP735,5.038049430925311,0.025144878389218084
FP961,5.038049430925311,0.025144878389218084
MACCSFP65,5.027700376987396,0.025294324982138298
FP54,5.023629068212195,0.02535337034273105
GraphFP481,5.022760766333732,0.02536598170504132
ExtFP409,5.017625649204613,0.02544069867452936
FP500,4.982996561631605,0.025950580524477906
ExtFP519,4.978956089478023,0.026010762406989192
FP289,4.978956089478023,0.026010762406989192
FP411,4.963714677282481,0.026239091554379656
PubchemFP565,4.931530830577733,0.02672812061681878
PubchemFP589,4.931530830577733,0.02672812061681878
PubchemFP626,4.931530830577733,0.02672812061681878
ExtFP282,4.930971801445011,0.026736698430319308
FP352,4.930971801445011,0.026736698430319308
FP269,4.906047115563036,0.027122077016199668
ExtFP102,4.901445664081764,0.027193854338133507
GraphFP122,4.901445664081764,0.027193854338133507
ExtFP193,4.893545410129723,0.02731755148393873
ExtFP378,4.87339014544758,0.027635795077305115
PubchemFP623,4.87339014544758,0.027635795077305115
ExtFP696,4.858284349742831,0.027876843241218904
ExtFP863,4.827045628345649,0.028382314275171006
FP844,4.823120336511047,0.028446502125322543
FP22,4.770683058395558,0.02931865882422182
FP795,4.761524175204991,0.029473834867632144
PubchemFP412,4.737190603815248,0.029890292287407652
FP34,4.737190603815172,0.029890292287408315
FP531,4.72915500839398,0.030029164056491527
ExtFP214,4.718772264812294,0.030209598385285617
ExtFP217,4.715472524747268,0.030267179170886862
ExtFP234,4.715263944223125,0.030270822773179645
AD2D324,4.711378312179911,0.03033878305749904
ExtFP832,4.711378312179911,0.03033878305749904
FP179,4.695187807512225,0.030623678507311458
FP1001,4.692778566359116,0.0306663110264035
PubchemFP472,4.668297339219655,0.031103051541452383
PubchemFP506,4.668297339219655,0.031103051541452383
AD2D402,4.640291240843893,0.031610662265297705
ExtFP76,4.6238636363635095,0.03191243796723952
AD2D472,4.598010711553192,0.03239347667999337
EStateFP13,4.592550790067716,0.03249603505387661
KRFP1,4.592550790067716,0.03249603505387661
ExtFP630,4.577647007918303,0.03277771934717612
FP639,4.577647007918303,0.03277771934717612
FP308,4.561088697537178,0.033093674466712186
GraphFP384,4.5228506690607455,0.03383555704916945
ExtFP342,4.512988560533837,0.034029710793396
KRFP3782,4.512988560533837,0.034029710793396
FP533,4.499919490258312,0.03428879971465632
GraphFP1001,4.466419010554863,0.03496241991815978
FP627,4.454296661193209,0.03520957967480537
GraphFP170,4.454296661193209,0.03520957967480537
ExtFP401,4.444970414201165,0.0354009771320041
FP464,4.444379095950256,0.03541314915988752
AD2D325,4.435613062230438,0.03559410993882578
ExtFP160,4.421316833994879,0.03589131672016933
GraphFP728,4.417101582397391,0.035979444466652306
ExtFP984,4.416874908128748,0.03598418994590169
ExtFP4,4.408818136356056,0.036153287601998894
FP764,4.400931819127365,0.03631961546467094
PubchemFP593,4.398736311919647,0.0363660629892422
GraphFP964,4.3863344251420004,0.03662960716078741
ExtFP127,4.379615830435499,0.03677321603065155
GraphFP578,4.373279318754904,0.03690919962096935
MACCSFP122,4.373279318754904,0.03690919962096935
ExtFP873,4.367321664464989,0.03703753441654446
ExtFP32,4.363002758820982,0.03713086156081947
FP819,4.362247742223205,0.03714720204128093
ExtFP736,4.361739847454014,0.03715819842486826
GraphFP760,4.335997376941673,0.03772004855987199
ExtFP5,4.33527930402928,0.03773584842190395
ExtFP80,4.312078450131564,0.03825010007802455
ExtFP796,4.26910586707082,0.03922214845690184
GraphFP353,4.266458811100482,0.03928286833261079
FP319,4.263942103022545,0.0393406898837564
FP862,4.25443720512242,0.03955987430170256
PubchemFP181,4.2184472834480005,0.04040151927583266
ExtFP877,4.215840151388633,0.040463216009633506
FP841,4.175605771848629,0.04142802642970594
ExtFP6,4.175459724859897,0.04143157239786863
FP134,4.175459724859897,0.04143157239786863
ExtFP296,4.154867256637183,0.04193476474939775
FP389,4.151193633952307,0.04202520714150254
PubchemFP180,4.147616542671777,0.042113470500076904
FP284,4.119958197516734,0.04280255982377377
FP759,4.119958197516734,0.04280255982377377
ExtFP724,4.096523517382364,0.04339572105541497
PubchemFP691,4.0725845475563345,0.0440106051452926
ExtFP858,4.0703480992904195,0.044068516985273254
GraphFP898,4.0703480992904195,0.044068516985273254
PubchemFP535,4.063246443036711,0.04425294487253004
FP593,4.060357641547692,0.04432819905398068
FP544,4.043057050592238,0.04478172048366921
PubchemFP579,4.008298330089066,0.04570776546842233
GraphFP453,4.002721338980674,0.0458582210755453
ExtFP432,3.996833180100163,0.04601763925693606
PubchemFP453,3.994548016253905,0.04607966623363764
FP633,3.994151269440584,0.04609044426306749
FP259,3.9941512694403967,0.04609044426307189
ExtFP131,3.992789794786501,0.0461274503596258
ExtFP170,3.992789794786501,0.0461274503596258
FP103,3.992789794786501,0.0461274503596258
FP325,3.992789794786501,0.0461274503596258
FP463,3.992789794786501,0.0461274503596258
FP978,3.992789794786501,0.0461274503596258
FP1003,3.992789794786501,0.0461274503596258
ExtFP415,3.9788135593220484,0.046509157395635485
FP353,3.9668074834037244,0.0468397226654338
FP823,3.9668074834037244,0.0468397226654338
MACCSFP138,3.945309651544329,0.047437846797077174
ExtFP806,3.937106918238976,0.04766819164634566
ExtFP823,3.9355599214145527,0.047711766026628806
FP276,3.9355599214145527,0.047711766026628806
MACCSFP142,3.928870292887092,0.047900678895601574
PubchemFP15,3.928870292887092,0.047900678895601574
FP285,3.928870292887013,0.047900678895601574
ExtFP220,3.908937166644999,0.04846829029264021
AD2D247,3.9031847434053883,0.048633415126576394
ExtFP549,3.9031847434053883,0.048633415126576394
FP491,3.8962655601659892,0.04883282124423133
KRFP3224,3.8920907937403704,0.0489535535944533
GraphFP725,3.8918246813801947,0.048961260147730966
ExtFP991,3.8620343806125064,0.049832154298171734
FP899,3.8620343806124415,0.04983215429817576
FP900,3.856424440533088,0.049997983795576496
ExtFP892,3.8480452421932885,0.050246761936694424
GraphFP632,3.8480452421932885,0.050246761936694424
FP178,3.8423177778293462,0.05041756454284419
FP120,3.8218290555694217,0.05103362743571809
FP194,3.8218290555694217,0.05103362743571809
PubchemFP493,3.8093306288032003,0.05141334929053711
ExtFP65,3.7882646760161593,0.052060162312279876
ExtFP567,3.7748743718593096,0.05247578335776988
ExtFP597,3.7748743718593096,0.05247578335776988
ExtFP397,3.730778702654759,0.05386954255298851
ExtFP891,3.725081820886645,0.05405245445651963
ExtFP910,3.725081820886645,0.05405245445651963
FP989,3.72249752229932,0.05413564688343304
ExtFP760,3.7082562014068423,0.05459654293889585
ExtFP143,3.7072239624118817,0.05463011123869862
FP750,3.7072239624118817,0.05463011123869862
KRFP1566,3.70343778657541,0.05475342513378333
EStateFP36,3.700340708509574,0.05485451538349503
ExtFP157,3.700340708509574,0.05485451538349503
KRFP2547,3.700340708509574,0.05485451538349503
ExtFP897,3.6907959384212954,0.05516731125812676
MACCSFP106,3.684323167469214,0.055380511719268444
FP72,3.682352941176427,0.05544558088190324
ExtFP788,3.679196767478949,0.055549986876853925
FP504,3.6635878652759195,0.056069410530604595
FP17,3.6620576290854316,0.05612061010295359
ExtFP699,3.6592410882007824,0.0562149776801368
FP621,3.6592410882007824,0.0562149776801368
GraphFP920,3.6592410882007824,0.0562149776801368
ExtFP151,3.645384293608684,0.05668171091890216
ExtFP22,3.640409477579673,0.05685028010769891
ExtFP231,3.6346472865155075,0.057046196153025516
FP184,3.618932091884747,0.057584178428621874
FP829,3.613484183791297,0.0577719366224
ExtFP306,3.6065372455778073,0.058012303899806265
ExtFP316,3.5988977051362703,0.058277865646959776
GraphFP852,3.5988977051361033,0.05827786564696513
FP98,3.5719975974457037,0.05922330946153854
ExtFP269,3.559800485885727,0.05965736849469316
FP274,3.559659758447341,0.05966239631185935
ExtFP831,3.5491179559728203,0.06004031438972104
FP673,3.544733861834679,0.06019823263959993
ExtFP68,3.5304796125605358,0.060714750138880495
PubchemFP439,3.528846358773257,0.06077423396707874
ExtFP430,3.5119214586255105,0.06139432024036168
ExtFP451,3.509995124329655,0.061465323142286914
ExtFP678,3.5018646776771294,0.0617659710099993
FP515,3.5018646776771294,0.0617659710099993
FP968,3.4875454671025494,0.06229929122654087
FP777,3.4775149270652457,0.06267580731784339
PubchemFP451,3.4546308080702706,0.06354393804095436
MACCSFP85,3.4544625347744913,0.06355036903680815
PubchemFP391,3.4544625347744913,0.06355036903680815
ExtFP113,3.4417052942276913,0.06403995126055897
ExtFP797,3.4308403549325037,0.06446009289655086
GraphFP318,3.430012636463448,0.06449222095333297
GraphFP689,3.424620984922129,0.06470191854933612
FP165,3.4192702643652892,0.06491074539148
AD2D631,3.413995226153426,0.06511732445280617
FP148,3.4084747018297503,0.06533427062407651
FP846,3.4082973362131153,0.06534125356783077
FP67,3.395128052656458,0.06586197065891325
ExtFP411,3.386731113673745,0.06619630567390786
FP273,3.386731113673745,0.06619630567390786
ExtFP403,3.384579219558006,0.06628227830482032
GraphFP726,3.379605249729611,0.06648145660503121
FP268,3.3660400835444277,0.06702792689374001
ExtFP709,3.3655913978494825,0.06704608412031869
ExtFP694,3.3424937139476394,0.06798794772356072
FP735,3.3424937139476394,0.06798794772356072
KRFP3942,3.3424937139476394,0.06798794772356072
ExtFP56,3.33457625312948,0.06831405669162573
PubchemFP482,3.325054802110202,0.06870845446613999
ExtFP798,3.307968716973141,0.06942233101697448
ExtFP388,3.3056254041238793,0.06952085618239041
FP766,3.292302342765196,0.07008388692444152
GraphFP634,3.2867347667690416,0.0703206201135004
ExtFP262,3.275444241528227,0.07080333288791453
ExtFP57,3.243476763211546,0.07218947126417329
ExtFP366,3.243476763211546,0.07218947126417329
ExtFP828,3.2408865308916166,0.07230305628755
FP355,3.2231121281464596,0.07308768874592382
ExtFP719,3.216277931821875,0.0733918101917882
ExtFP948,3.216277931821875,0.0733918101917882
FP932,3.214070522340572,0.07349033043430477
GraphFP834,3.2124925368890698,0.07356084566933134
ExtFP640,3.205772811918015,0.07386194523475875
PubchemFP192,3.1756666107664038,0.07522733268538295
ExtFP674,3.156214842284989,0.07612395486501852
FP381,3.1533223564870156,0.0762582634273518
FP990,3.138754348864166,0.07693860251891398
GraphFP919,3.138754348864166,0.07693860251891398
ExtFP332,3.1207152274225556,0.07779012894228762
FP485,3.1132805304844413,0.07814403305757352
GraphFP287,3.1063812335959264,0.0784740057819565
ExtFP313,3.1000841875897445,0.07877648754546891
ExtFP376,3.0976505743345295,0.07889372436418438
GraphFP563,3.09622302158263,0.07896258289322405
PubchemFP684,3.09622302158263,0.07896258289322405
ExtFP27,3.09129494347632,0.07920078963163975
MACCSFP155,3.0882700697190963,0.07934738608852406
FP438,3.0843295421535855,0.0795387981471625
FP509,3.0843295421535855,0.0795387981471625
FP460,3.079062424095221,0.07979542886616821
FP180,3.0710461229038306,0.08018772669651052
GraphFP317,3.0710461229038306,0.08018772669651052
ExtFP367,3.0248504371836655,0.08248943921752572
FP988,3.023424293648863,0.0825616248294249
ExtFP182,3.020153422607132,0.08272744140258101
PubchemFP507,3.020153422607132,0.08272744140258101
FP600,3.014018385483814,0.08303942957188351
FP388,3.013908701854499,0.0830450189447822
FP812,3.013908701854499,0.0830450189447822
FP51,2.9828813459615326,0.08464262310113646
ExtFP999,2.9492078406806894,0.08641425143339954
FP297,2.9492078406806894,0.08641425143339954
GraphFP912,2.9389671361502545,0.08696097948735647
ExtFP115,2.9234577126044794,0.0877961541434287
KRFP4237,2.915964256289993,0.08820279004152387
FP334,2.901986754966934,0.08896676363184133
ExtFP298,2.8955002284148073,0.08932374032203189
FP90,2.8841667304796346,0.08995120584761568
ExtFP221,2.879484820607163,0.0902118116902435
ExtFP285,2.879484820607163,0.0902118116902435
FP648,2.8773059846163345,0.09033337059649522
ExtFP618,2.8717986060542895,0.09064142651709174
FP182,2.8656443121995747,0.09098702054388463
FP712,2.8568205807479066,0.09148502091907032
ExtFP587,2.8523340152501855,0.09173937423676683
GraphFP914,2.848096564531093,0.091980311800064
ExtFP527,2.839131026350389,0.09249235855142969
GraphFP730,2.833596781146647,0.092809983934431
ExtFP585,2.830575207628353,0.09298390162178435
ExtFP686,2.8252451030557877,0.09329156162811635
FP345,2.8244719410073555,0.0933362815219188
ExtFP683,2.8231640710339945,0.0934119822583137
GraphFP307,2.8159049258621316,0.0938333667997563
FP948,2.8141155315801174,0.09393755703246186
GraphFP817,2.813956332946042,0.093946832726069
ExtFP89,2.81326811372662,0.093986943246639
FP740,2.81326811372662,0.093986943246639
ExtFP459,2.812809487905818,0.09401368306291491
FP612,2.8056762595286977,0.09443065002215867
FP527,2.802148612354508,0.09463760071162872
FP587,2.791107408435913,0.09528854128202376
FP414,2.790531805821768,0.09532260999008667
GraphFP200,2.787404099957803,0.09550796484207262
PubchemFP12,2.787404099957803,0.09550796484207262
PubchemFP432,2.7696399245042342,0.09656820129676527
GraphFP356,2.768319108477412,0.09664754461376257
FP262,2.76010740548623,0.09714243390232782
FP969,2.752368888997132,0.09761134098267664
GraphFP293,2.752368888997132,0.09761134098267664
GraphFP955,2.7374497113870793,0.09852235083781873
ExtFP775,2.720424915499764,0.09957331201518942
FP582,2.719250114311858,0.09964628502037251
ExtFP390,2.7010958822299713,0.10078141289835305
ExtFP960,2.7010958822299713,0.10078141289835305
AD2D560,2.6982758620689338,0.10095900717616403
FP317,2.6767671435358387,0.10232488140780709
FP640,2.673000206849686,0.10256617210516839
FP916,2.6583460769321077,0.10351079396854901
ExtFP541,2.6194364810471003,0.10606561542018968
FP70,2.616971998980954,0.10622975150783821
GraphFP837,2.615868757738346,0.10630331853712328
FP505,2.5966484154637346,0.10759401309702753
AD2D394,2.5912854030501236,0.1079572221062984
FP440,2.5803792250618187,0.10870001077646567
FP85,2.5691442528899913,0.1094710816969509
ExtFP517,2.567030919871819,0.10961679469525555
ExtFP134,2.5650481458717933,0.10975370004879129
ExtFP333,2.5600040389761243,0.11010283254481665
FP89,2.5600040389761243,0.11010283254481665
FP964,2.5600040389761243,0.11010283254481665
FP498,2.5566673473554555,0.11033445730128015
GraphFP808,2.5504176003259778,0.11076974571423888
FP452,2.5451450437520755,0.11113844661862675
GraphFP278,2.5441424808051845,0.11120870716903213
AD2D180,2.543907549685694,0.1112251784460932
FP454,2.543907549685694,0.1112251784460932
ExtFP710,2.5218712537288326,0.11278220133011081
GraphFP791,2.521871253728638,0.11278220133012884
FP894,2.5140562248995977,0.11334015641034668
ExtFP469,2.512239589123344,0.11347029163234956
FP494,2.512239589123344,0.11347029163234956
FP931,2.502225568571824,0.11419061846622705
ExtFP972,2.4992954438703867,0.11440234221090344
FP579,2.4992954438703867,0.11440234221090344
GraphFP225,2.492510974345414,0.11489423919596044
ExtFP14,2.485205632404937,0.11542651757222783
ExtFP125,2.485205632404937,0.11542651757222783
ExtFP480,2.485205632404937,0.11542651757222783
ExtFP641,2.485205632404937,0.11542651757222783
EStateFP9,2.4651046098130474,0.11690524297991586
KRFP297,2.4651046098130474,0.11690524297991586
AD2D480,2.456529773680846,0.11754241909814139
ExtFP768,2.446728430804869,0.11827545005849287
GraphFP737,2.4355025443580867,0.11912125197989518
PubchemFP258,2.4303306035790104,0.11951318096229314
ExtFP328,2.418256390690581,0.12043374319422886
ExtFP327,2.4176348503326666,0.12048134317353801
FP592,2.4106201864613026,0.12102000375558503
ExtFP715,2.4042246759481514,0.12151345032654576
FP815,2.4042246759481514,0.12151345032654576
AD2D12,2.397322470455898,0.1220484998497143
ExtFP382,2.397322470455898,0.1220484998497143
FP957,2.3960215082244987,0.12214964155284687
ExtFP774,2.3913412563667276,0.12251427298486063
FP696,2.3913412563667276,0.12251427298486063
FP738,2.384975832154857,0.12301213688561308
ExtFP785,2.3791506116691017,0.12346972125918416
GraphFP308,2.3791506116691017,0.12346972125918416
ExtFP206,2.378956118995309,0.12348503172474141
ExtFP656,2.378956118995309,0.12348503172474141
ExtFP81,2.3771318949885187,0.12362873749244789
FP73,2.3580983784461345,0.1251392800610116
PubchemFP186,2.344593613180351,0.1262235102391591
FP893,2.340514116452925,0.12655308794011888
PubchemFP597,2.340514116452925,0.12655308794011888
GraphFP770,2.3329754506224654,0.1271646549488071
ExtFP752,2.3262512095195897,0.12771293408242373
FP744,2.3231901638670283,0.12796339765346273
ExtFP399,2.319154774972562,0.12829442264240565
PubchemFP353,2.319154774972562,0.12829442264240565
ExtFP167,2.31519311545938,0.1286203293950635
FP404,2.3108370656686636,0.1289797478409583
FP825,2.308948239573342,0.12913594361515696
AD2D82,2.30828060272227,0.1291912041080857
KRFP1645,2.307834101382488,0.12922817588604518
GraphFP773,2.305744311804931,0.1294013744626018
FP44,2.3033002425748625,0.12960426416973686
ExtFP849,2.3006739559790814,0.12982267643178058
FP238,2.2855838895544522,0.1310856237980273
EStateFP7,2.274560587392283,0.13201689033112404
KRFP669,2.274560587392283,0.13201689033112404
MACCSFP160,2.274560587392283,0.13201689033112404
PubchemFP374,2.274560587392283,0.13201689033112404
ExtFP652,2.25841795831113,0.13339403353715606
FP205,2.258417958311006,0.13339403353716672
FP938,2.258417958311006,0.13339403353716672
ExtFP810,2.2493013352260167,0.13417888459804234
FP187,2.244089409313044,0.13462990356179383
ExtFP754,2.2404559915164413,0.1349453300065456
FP119,2.2404559915164413,0.1349453300065456
ExtFP71,2.2318764030107006,0.1356934400276313
FP577,2.2318764030107006,0.1356934400276313
ExtFP744,2.229487590269379,0.13590256317374744
GraphFP366,2.223557270654276,0.13642328429850098
ExtFP308,2.2228140257434528,0.13648870383780254
FP729,2.2228140257434528,0.13648870383780254
GraphFP89,2.2228140257434528,0.13648870383780254
FP851,2.203134451470992,0.13823375594935683
FP453,2.188069954766443,0.13958651961601118
MACCSFP64,2.1840383776711727,0.13995106838011911
FP406,2.1788415262977012,0.1404225665218872
FP456,2.1722143683330635,0.14102642876033641
FP637,2.165504567320647,0.14164080183160285
ExtFP865,2.1623359548681886,0.14193197870231103
AD2D246,2.159632011584825,0.14218098857908068
MACCSFP134,2.147922226458258,0.14326505750173082
FP208,2.1300441278111166,0.1449382069734001
FP363,2.1300441278111166,0.1449382069734001
FP311,2.1263486989022233,0.1452867935029811
FP922,2.1263486989022233,0.1452867935029811
ExtFP64,2.1234735413839956,0.1455586595109384
ExtFP241,2.1234735413839956,0.1455586595109384
FP524,2.115013210502956,0.1463619818927704
ExtFP9,2.1130801687763334,0.14654622978003817
FP246,2.1130801687763334,0.14654622978003817
SubFP1,2.1053811659192285,0.1472826667982901
FP116,2.0946833560540385,0.14831290966288366
AD2D326,2.0946833560539804,0.14831290966288366
ExtFP844,2.093282114178625,0.14844845802928824
FP497,2.085636722606182,0.1491905054940742
FP477,2.079089540341851,0.1498293029987391
GraphFP484,2.0781999262264312,0.14991634003409307
ExtFP13,2.0723393820499716,0.15049115129979068
ExtFP679,2.0646606132170975,0.15124808218777072
FP398,2.049938600081866,0.15271140707801942
FP661,2.049938600081866,0.15271140707801942
FP260,2.0374656444380217,0.15396376912496354
FP732,2.0374656444380217,0.15396376912496354
FP836,2.0263210949575705,0.15509263151541852
KRFP2262,2.0263210949575705,0.15509263151541852
FP226,1.9862761028523952,0.15922735571534238
FP794,1.9805230115181172,0.15983163457485
ExtFP533,1.9797318190762718,0.15991494240414222
KRFP504,1.9797318190762718,0.15991494240414222
ExtFP963,1.965046814241916,0.16147022184958287
ExtFP384,1.955390697447376,0.16250231311228136
ExtFP787,1.955390697447376,0.16250231311228136
GraphFP254,1.955390697447376,0.16250231311228136
ExtFP23,1.951986361968842,0.162867981464755
FP237,1.9440993788819934,0.16371876498719515
FP360,1.9433449747768723,0.16380041013734656
FP1016,1.9316329974447415,0.16507393458830658
AD2D90,1.928350636338462,0.16543288070623688
FP132,1.9230142310826974,0.16601836024454872
ExtFP63,1.9229395633597013,0.16602656919046804
AD2D570,1.9105558720599065,0.1673944926952205
ExtFP551,1.9105558720599065,0.1673944926952205
FP660,1.9105558720599065,0.1673944926952205
GraphFP131,1.8984078847611827,0.1687489634930508
FP884,1.890309907424841,0.1696588623757978
ExtFP452,1.8863679019039665,0.1701038312967283
FP656,1.8825990135070638,0.17053051448747175
ExtFP497,1.879649488326497,0.17086529497167252
MACCSFP109,1.879649488326497,0.17086529497167252
FP390,1.8789520023478992,0.17094457237389069
ExtFP583,1.877765279340115,0.17107955456612609
FP305,1.875572788156464,0.17132925932007775
FP359,1.8723118001365702,0.17170143265263554
KRFP3692,1.86787262809455,0.17220956824206776
ExtFP702,1.8662856671274033,0.17239164192421794
ExtFP112,1.859030303030288,0.17322688778826137
MACCSFP72,1.859030303030288,0.17322688778826137
FP176,1.8584636245967603,0.17329232060831645
ExtFP168,1.8561754868365115,0.17355681565399728
ExtFP562,1.849153209925173,0.17437146055937638
FP43,1.8445178524092842,0.1749116194392175
FP513,1.8434653243391574,0.17503453958412724
ExtFP697,1.8407643312101527,0.17535043334174966
ExtFP883,1.8403149349988424,0.17540305617523275
GraphFP220,1.8398236590742099,0.17546060385224732
ExtFP588,1.8348922644016263,0.17603947322970798
KRFP3671,1.8348922644016263,0.17603947322970798
ExtFP66,1.8224163027656475,0.17751383879352434
AD2D169,1.8210379334419418,0.17767760377772482
ExtFP363,1.8210379334419418,0.17767760377772482
KRFP3443,1.8210379334419418,0.17767760377772482
ExtFP779,1.8197674418604712,0.17782870653322588
ExtFP854,1.8197674418604712,0.17782870653322588
FP1,1.8197674418604712,0.17782870653322588
FP211,1.8197674418604712,0.17782870653322588
ExtFP358,1.807576807576813,0.17928615385232374
GraphFP135,1.807576807576813,0.17928615385232374
ExtFP766,1.7981239621201919,0.1804258123972737
ExtFP765,1.794496114154675,0.18086542266965344
ExtFP949,1.7830789087186165,0.18225704982454968
KRFP1193,1.7830789087184917,0.18225704982456856
FP223,1.7829574517556153,0.18227192069577486
ExtFP361,1.7829574517554116,0.18227192069578899
ExtFP802,1.7829574517554116,0.18227192069578899
MACCSFP120,1.7758865248227564,0.18314009990150867
ExtFP536,1.7694279038215173,0.1839372992753337
ExtFP28,1.7492141110723012,0.18645852854121323
ExtFP988,1.748404012767904,0.1865604059213383
FP688,1.748404012767904,0.1865604059213383
GraphFP137,1.748404012767904,0.1865604059213383
ExtFP712,1.7457425448055033,0.18689556692843812
ExtFP121,1.7430498150968021,0.18723537887241734
FP451,1.7430498150968021,0.18723537887241734
FP584,1.7430498150968021,0.18723537887241734
ExtFP531,1.73439231621722,0.18833281125154627
ExtFP613,1.7319180170514366,0.18864783260554455
FP71,1.7004268529296522,0.19271144666137166
ExtFP943,1.6959024720623683,0.19330364257351948
GraphFP913,1.6959024720623683,0.19330364257351948
FP984,1.69590247206225,0.19330364257354493
ExtFP152,1.6915347266202236,0.19387735888671526
FP479,1.6853846153846208,0.1946885797524128
FP234,1.6821927624507396,0.19511116403954604
ExtFP757,1.672604203776279,0.1963871232453681
PubchemFP604,1.6623376623376622,0.19776417495682122
PubchemFP594,1.6593770709078857,0.19816338429858477
PubchemFP666,1.6593770709078857,0.19816338429858477
GraphFP59,1.653896961690885,0.19890483061731667
FP210,1.646759011878885,0.19987547783703952
FP118,1.6454054811800898,0.20006016455536735
FP481,1.6392127981670712,0.20090771146364475
ExtFP129,1.6338648505362177,0.20164305101258093
ExtFP108,1.6295155121122027,0.20224342234502912
ExtFP431,1.6295155121122027,0.20224342234502912
MACCSFP159,1.6110924984010402,0.20480999124023122
PubchemFP19,1.6110924984010402,0.20480999124023122
PubchemFP447,1.6110924984009976,0.20480999124023122
ExtFP749,1.5936191365649373,0.20727989841003291
FP997,1.5917181256810806,0.20755073192827628
GraphFP823,1.5917181256810806,0.20755073192827628
MACCSFP132,1.5832602684291592,0.20876080106935088
FP436,1.5798310671611095,0.20925379981907963
KRFP2855,1.5798310671611095,0.20925379981907963
KRFP1642,1.5764555771942832,0.20974042595795145
PubchemFP643,1.5764555771942832,0.20974042595795145
FP263,1.5682805869420782,0.2109245461018322
FP386,1.5682805869420782,0.2109245461018322
FP559,1.5461464791571855,0.2141706927068887
FP714,1.535542651181458,0.21574688364048156
FP369,1.5341466071234116,0.21595542512197377
FP727,1.5152143845089951,0.21880742025532046
ExtFP716,1.5138324627588187,0.21901735291040558
FP654,1.5138324627588187,0.21901735291040558
ExtFP118,1.505472392638042,0.22029251079020432
ExtFP26,1.5046469394295525,0.22041889810412077
ExtFP301,1.5046469394294928,0.22041889810413745
ExtFP30,1.4998157021747132,0.22116036521476992
FP304,1.4998157021747132,0.22116036521476992
ExtFP481,1.4960007803355493,0.2217479666173451
FP126,1.4960007803355493,0.2217479666173451
FP318,1.4867917211962631,0.22317414103830324
ExtFP211,1.4858290497457924,0.22332386088079262
ExtFP756,1.4843503003477756,0.22355407881718647
AD2D705,1.47391222452428,0.22518725358684835
ExtFP607,1.472264744356964,0.22544633170756725
ExtFP745,1.4722647443569248,0.22544633170756725
FP871,1.4722647443569248,0.22544633170756725
GraphFP550,1.4722647443569248,0.22544633170756725
ExtFP196,1.461918502065535,0.22708157353097685
ExtFP651,1.4606666666666719,0.22728039492702368
FP517,1.4591068325379957,0.2275284273066281
FP185,1.4444339800339094,0.22987762707632362
PubchemFP146,1.4441710243002197,0.22991999378298747
FP720,1.4409796820329142,0.23043492619449973
ExtFP634,1.4382722352700954,0.2308728727783427
FP78,1.4382722352700954,0.2308728727783427
FP728,1.4366540208889562,0.23113510919040117
ExtFP781,1.4360433106993293,0.23123417010149985
FP905,1.4360433106993293,0.23123417010149985
MACCSFP153,1.43428850736238,0.23151909551502606
ExtFP705,1.4339505001491328,0.23157402608470581
FP493,1.4321883960710189,0.23186064619211233
GraphFP228,1.4319554299424617,0.23189857205715156
ExtFP673,1.4290905702572123,0.23236557252247714
ExtFP654,1.4284084426697143,0.23247693365975397
FP342,1.4284084426697143,0.23247693365975397
GraphFP361,1.4284084426697143,0.23247693365975397
KRFP2667,1.4284084426697143,0.23247693365975397
ExtFP557,1.4116762716111082,0.2352288936690139
ExtFP291,1.4102482070969622,0.23546559250448323
ExtFP647,1.4008951406649341,0.23702300917422386
FP137,1.3989104276307078,0.23735509839959842
AD2D628,1.3955043655954198,0.23792633125598195
FP220,1.3955043655954198,0.23792633125598195
FP529,1.3943361061866812,0.2381226455023976
FP1006,1.3943361061866812,0.2381226455023976
ExtFP780,1.3798677443056626,0.24057031527564807
ExtFP825,1.3798677443056626,0.24057031527564807
ExtFP99,1.3772032596526846,0.2410244108552573
ExtFP661,1.3757624686042698,0.24127039323034616
GraphFP92,1.3757624686042698,0.24127039323034616
GraphFP358,1.364259028642626,0.24324536592082394
ExtFP254,1.3501078360891285,0.24570207769304964
ExtFP218,1.348248428640473,0.2460271306028384
FP992,1.3432299877386935,0.24690706287596165
ExtFP74,1.3359416681486798,0.24819187317669855
FP75,1.324667472793263,0.2501955267052614
PubchemFP377,1.3246674727931422,0.25019552670530626
ExtFP747,1.3203908570445009,0.2509607632064199
MACCSFP126,1.312256684491953,0.2524242129583518
PubchemFP692,1.312256684491953,0.2524242129583518
ExtFP402,1.3103371398845984,0.2527710961902753
FP306,1.3103371398845292,0.2527710961903202
ExtFP782,1.3083944719331513,0.25312275607070084
GraphFP174,1.3083944719330918,0.25312275607071266
ExtFP838,1.301823640883025,0.25431667901865385
FP598,1.2960662525880167,0.25536851308516073
ExtFP794,1.2942616033755612,0.25569931466555645
FP813,1.29104760301357,0.2562897693862271
FP475,1.2849901554187424,0.25740719125720735
ExtFP657,1.2835905906476295,0.2576662263386046
FP450,1.2776744523079142,0.25876477132222425
FP818,1.2776744523079142,0.25876477132222425
MACCSFP149,1.276806526806502,0.2589264204852387
ExtFP821,1.2714962762356372,0.25991817203349254
PubchemFP16,1.2700665081994755,0.2601860022046884
FP175,1.2654812492264285,0.2610472447644547
ExtFP741,1.2626691810087596,0.261577182027127
FP746,1.2501630257579885,0.263950236010926
FP302,1.2493992098081872,0.26409603661137687
FP943,1.2493992098081872,0.26409603661137687
ExtFP834,1.2484835610941623,0.26427095187483385
ExtFP915,1.2483935298027773,0.26428815822957885
ExtFP169,1.2481790437435607,0.2643291554108022
FP462,1.241684467500729,0.2655742979809113
FP624,1.241684467500729,0.2655742979809113
AD2D558,1.2286484100992114,0.2680957279877154
ExtFP472,1.2266492488569416,0.2684850442304168
FP798,1.2224019596514817,0.26931450896347187
ExtFP245,1.2163305663501427,0.27050578291496874
ExtFP337,1.2162555993307642,0.2705205334514225
GraphFP816,1.1991249744970909,0.273917770162213
FP130,1.1963688485427475,0.27446933847082977
FP955,1.1963688485427475,0.27446933847082977
EStateFP30,1.1937129059192235,0.2750021792993569
FP227,1.1937129059192235,0.2750021792993569
FP810,1.1927376940761325,0.27519815486226246
FP781,1.1884562672717556,0.2760606194070354
FP31,1.1868548556983585,0.27638408717451146
GraphFP662,1.1783955980307281,0.27810071242846557
ExtFP759,1.173585073103662,0.2790829050929878
MACCSFP96,1.173585073103662,0.2790829050929878
PubchemFP143,1.173585073103662,0.2790829050929878
FP483,1.1686372121966622,0.2800977128107701
GraphFP253,1.1655741236574073,0.2807282910892888
ExtFP171,1.1599155900972995,0.28189790742071535
ExtFP869,1.1352004835784675,0.2870795448884348
FP198,1.1328678816952984,0.2875748144853544
ExtFP539,1.128079111190523,0.288595005249439
FP277,1.128079111190523,0.288595005249439
FP586,1.1064234767512091,0.2932665888401278
FP563,1.1050389519446833,0.2935685386308337
PubchemFP619,1.1040218729781344,0.29379060628068526
FP444,1.099523997588837,0.29477525194183196
GraphFP269,1.0984061997367904,0.2950206092989415
MACCSFP111,1.0974253646190195,0.295236119122215
FP106,1.088393242937416,0.2972301974932477
FP64,1.0868725472065537,0.2975676318822662
GraphFP878,1.0868725472065537,0.2975676318822662
ExtFP460,1.0834167691736,0.2983362855024085
ExtFP875,1.0828676124383583,0.2984586672700147
FP908,1.0828676124383583,0.2984586672700147
FP298,1.0788040707279047,0.29936625610803486
ExtFP827,1.0780125945097996,0.29954344529521093
ExtFP511,1.0766960451057697,0.29983848313558
GraphFP785,1.075120424381532,0.300192071447384
ExtFP232,1.0748582691565511,0.30025095441912647
FP174,1.0664395229981514,0.3021498510579489
ExtFP592,1.0631017543859294,0.3029069985166749
FP731,1.0534030539871537,0.3051210542971313
FP677,1.0493085626484675,0.3060620556439345
ExtFP689,1.0348662458671511,0.3094114581211953
FP947,1.0348662458671511,0.3094114581211953
ExtFP267,1.0335718216840823,0.3097139794985872
ExtFP635,1.0335718216840823,0.3097139794985872
PubchemFP645,1.0335718216840823,0.3097139794985872
MACCSFP62,1.0286183760098466,0.31087522133014894
ExtFP103,1.026007097770437,0.3114896723542252
FP756,1.0174076561450673,0.31352442377932965
FP115,1.0009514496392455,0.31746695834530847
ExtFP881,0.9930775886933617,0.3193763851585254
FP668,0.9930775886933617,0.3193763851585254
FP392,0.9912591841904094,0.3198194982253406
FP680,0.9796557120500737,0.3226662310099002
PubchemFP821,0.9796557120500737,0.3226662310099002
ExtFP558,0.9684405940594234,0.32544958662305423
ExtFP965,0.9684405940594234,0.32544958662305423
FP303,0.9684405940594234,0.32544958662305423
ExtFP803,0.9569446900977874,0.3283357475677121
GraphFP772,0.9553605494086113,0.3287361234595686
ExtFP728,0.9503647788132981,0.3300030172849131
GraphFP744,0.9503647788132981,0.3300030172849131
ExtFP490,0.9503174165056615,0.3300150591250376
ExtFP428,0.9438753894080683,0.3316584128665516
FP864,0.9438753894080683,0.3316584128665516
ExtFP138,0.9376129527393046,0.33326643721331395
FP547,0.9376129527393046,0.33326643721331395
ExtFP496,0.9369574327964995,0.33343535878305186
FP651,0.9357249626307811,0.33375326532564753
ExtFP990,0.9315247066924748,0.33483974114752924
GraphFP224,0.9307396852930133,0.33504332679329196
GraphFP915,0.9271327014217968,0.33598088851825914
FP313,0.9240610136132416,0.33678208651593555
FP657,0.9198503873897975,0.33788453015821507
ExtFP814,0.9176194664321272,0.33847060474258317
ExtFP867,0.9174401563263204,0.3385177697670997
FP715,0.9157625259052594,0.33895947563061
GraphFP275,0.9088138602932386,0.34079728565901934
PubchemFP150,0.9084049222196181,0.3409058611102602
FP539,0.8994769814357308,0.3432879630663165
MACCSFP129,0.8994769814357308,0.3432879630663165
ExtFP920,0.8933786238293757,0.34492804185758785
ExtFP349,0.8885161290322282,0.34624336495735486
ExtFP704,0.8885161290322282,0.34624336495735486
ExtFP818,0.8837887662473743,0.347528667570316
ExtFP440,0.8791930728695483,0.3487843944595673
FP749,0.8747257315749066,0.3500109765581809
AD2D482,0.8703835635327726,0.3512088313709715
ExtFP494,0.8664120024359343,0.3523093528146922
FP898,0.8661635220126136,0.35237836336129946
ExtFP665,0.8587576821773639,0.3544437060503093
FP465,0.8587576821773639,0.3544437060503093
FP954,0.8513300331827333,0.3565318264549532
ExtFP419,0.8467970933482735,0.3578144699558299
FP910,0.8467970933482735,0.3578144699558299
FP716,0.83981196088435,0.3598034498155873
ExtFP15,0.8240964379746617,0.36433450537600687
ExtFP235,0.8240964379746617,0.36433450537600687
ExtFP359,0.8184686534263769,0.36597631148365906
ExtFP58,0.805041152263389,0.3699353375264933
ExtFP183,0.805041152263389,0.3699353375264933
ExtFP370,0.805041152263389,0.3699353375264933
ExtFP816,0.805041152263389,0.3699353375264933
ExtFP447,0.8036710875331295,0.3703426457373855
GraphFP548,0.7954340201205875,0.3728047204921453
PubchemFP573,0.7935673127292097,0.3733658669280683
FP611,0.7917755524428476,0.3739055983864489
GraphFP886,0.7917755524427893,0.3739055983864489
PubchemFP548,0.7900577841749783,0.3744240697804977
PubchemFP574,0.7884130982368077,0.3749214293344775
FP949,0.7884130982368076,0.3749214293344775
ExtFP321,0.783909092790734,0.3762882212107055
PubchemFP542,0.783909092790734,0.3762882212107055
FP737,0.7839090927906761,0.3762882212107479
ExtFP236,0.782500000000014,0.3767172661471213
GraphFP894,0.7824999999999092,0.3767172661471425
FP975,0.7812570909915781,0.37709628297794084
ExtFP238,0.7800341894424389,0.37746972324758477
GraphFP815,0.7800341894424389,0.37746972324758477
ExtFP248,0.779780395534117,0.3775472901871535
FP131,0.779780395534117,0.3775472901871535
FP662,0.779780395534117,0.3775472901871535
GraphFP606,0.779780395534117,0.3775472901871535
ExtFP394,0.7788791773778659,0.37782291081961883
FP700,0.77492685122668,0.3790350138283163
FP904,0.77492685122668,0.3790350138283163
GraphFP411,0.7733444959467773,0.3795218313996057
GraphFP926,0.772650304996143,0.37973568073268704
EStateFP28,0.7721531478192363,0.3798889374259914
ExtFP60,0.7721531478192363,0.3798889374259914
ExtFP286,0.7721531478192363,0.3798889374259914
FP909,0.7721531478192363,0.3798889374259914
GraphFP637,0.7720203029128552,0.37992990381053704
ExtFP653,0.7711470024637299,0.38019936564216383
PubchemFP532,0.7711470024637299,0.38019936564216383
ExtFP1015,0.7709516539439377,0.3802596785361093
ExtFP658,0.770512481435435,0.38039532031576573
ExtFP870,0.7692604553856465,0.3807823941459234
FP971,0.7671944703171862,0.3814223301424713
ExtFP642,0.7627944760357448,0.38279031135659713
ExtFP748,0.7627944760357448,0.38279031135659713
FP808,0.7627944760357448,0.38279031135659713
FP888,0.7627944760357448,0.38279031135659713
ExtFP61,0.7576857903655426,0.3843873815889236
ExtFP776,0.7576857903655426,0.3843873815889236
FP158,0.7576857903655426,0.3843873815889236
FP911,0.7576857903655426,0.3843873815889236
FP595,0.7547108028458324,0.38532178594902766
GraphFP965,0.7531280076998929,0.38582023938919785
FP793,0.7531280076996909,0.38582023938921983
FP704,0.7486963593742323,0.38722075201461303
ExtFP941,0.7468846663720532,0.38779538217165843
GraphFP712,0.7443873668188538,0.3885894710941029
ExtFP571,0.7321637426900717,0.3925101169644275
KRFP3025,0.7321637426899735,0.39251011696447247
MACCSFP154,0.7321637426899735,0.39251011696447247
ExtFP274,0.7248477570975427,0.39488390347689606
ExtFP911,0.7248477570975427,0.39488390347689606
ExtFP414,0.717950896270477,0.397140700489681
FP1017,0.7173962869584956,0.39732298926689635
ExtFP974,0.7042253521126574,0.40168789027803076
GraphFP890,0.6984874783040126,0.4036112663321211
ExtFP72,0.6925085180759406,0.40562978709224384
ExtFP78,0.6807088199758558,0.4096570301682726
FP832,0.6774012033069722,0.4107964647821226
ExtFP53,0.6774012033069117,0.4107964647821467
ExtFP240,0.6751258221713511,0.4115830197854873
ExtFP937,0.6668655190045841,0.41445721713643924
ExtFP223,0.6649670703208405,0.41512198488686636
ExtFP2,0.6644390282254724,0.415307167003121
ExtFP445,0.6543554006968835,0.41886712899067013
FP425,0.6534992483715124,0.4191714779667546
ExtFP280,0.6507817697936703,0.4201396881338245
ExtFP524,0.6471488235537187,0.42143929651643575
FP784,0.6460535006604846,0.4218323043795389
ExtFP330,0.6448355673118689,0.4222699501028081
ExtFP31,0.6440329218106823,0.4225587403775717
GraphFP819,0.6414197303167418,0.4235010154104658
ExtFP52,0.6406582610118791,0.4237761821616419
ExtFP336,0.6402757784680493,0.4239144984304104
ExtFP615,0.6402757784680493,0.4239144984304104
ExtFP475,0.6399509302801464,0.42403202576189813
ExtFP266,0.6376563582284553,0.42486357833061017
MACCSFP105,0.6376563582284553,0.42486357833061017
ExtFP326,0.6362047237692987,0.425390917153178
ExtFP347,0.6362047237692987,0.425390917153178
FP667,0.6358438040779663,0.4255221821870585
ExtFP10,0.6315356831485702,0.4270937497849422
ExtFP153,0.6315356831485702,0.4270937497849422
FP324,0.6273476356617759,0.42862992351337315
ExtFP482,0.6273476356616721,0.42862992351342444
GraphFP255,0.6266266266267357,0.42889523147107755
ExtFP671,0.6266266266266046,0.4288952314711032
FP718,0.6193174878471981,0.43159885396437403
PubchemFP586,0.6125244618395516,0.43413483856135227
ExtFP684,0.585289840016639,0.4445346236842328
ExtFP379,0.5810755932006931,0.44617814585925697
ExtFP1013,0.5768206948331341,0.44784711172686653
ExtFP966,0.5753676470588436,0.44841928877241344
FP15,0.5741558529790962,0.44889733694642364
FP290,0.5698355805882488,0.45060815418480615
FP748,0.5698355805882488,0.45060815418480615
FP230,0.5666107945021958,0.45189181286970526
ExtFP926,0.5666107945020709,0.4518918128697609
FP239,0.5644724977461303,0.45274614381839107
ExtFP368,0.5619389587073774,0.45376167260059863
ExtFP602,0.5542275343071962,0.45687482092153886
FP634,0.5542275343071962,0.45687482092153886
FP32,0.5476637936621249,0.45955128697582637
MACCSFP83,0.5458714608677091,0.46028645608867513
FP476,0.5445846020008508,0.4608154446578411
ExtFP94,0.5441375313888513,0.46099944784649804
FP421,0.5441375313888513,0.46099944784649804
ExtFP476,0.5441375313887313,0.46099944784655544
ExtFP1,0.5399752008194322,0.4627181834674613
ExtFP374,0.5377664651605718,0.4636343776685993
FP50,0.5377664651605718,0.4636343776685993
ExtFP526,0.5322570486847511,0.46593237987353353
ExtFP904,0.5311555390570954,0.4663940111204734
ExtFP279,0.5310084825636349,0.46645569643612916
FP496,0.5298100432574331,0.4669588901056878
FP561,0.5286610922284702,0.4674421232663343
FP736,0.5269360269360084,0.4681691720525136
ExtFP762,0.5265092517600305,0.46834932189500145
PubchemFP689,0.5245484451615905,0.4691784504886306
FP499,0.5228376050533661,0.46990381336413023
FP307,0.5228376050530014,0.469903813364278
GraphFP217,0.5228376050530014,0.469903813364278
ExtFP59,0.5219566425792261,0.4702780297321516
ExtFP880,0.519135082007624,0.4714798193787989
ExtFP944,0.5174820892781895,0.4721861875756346
FP383,0.5151268870512373,0.4731955923975183
GraphFP795,0.5151268870512373,0.4731955923975183
ExtFP55,0.5147503705358201,0.47335728600250704
FP80,0.5147503705358201,0.47335728600250704
FP142,0.5112290730910753,0.4748738451793345
ExtFP136,0.5075761414888587,0.4764554630419666
ExtFP606,0.504025764895418,0.47800092337372746
ExtFP565,0.5040257648953125,0.4780009233737883
ExtFP417,0.5005747413664025,0.47951100426151416
ExtFP970,0.49395867238745117,0.48242799939500003
KRFP3295,0.49078792630342755,0.4838363326394677
FP724,0.4877051175926205,0.4852121266193733
FP39,0.48246248702380384,0.48756672964665737
ExtFP922,0.4789594491201055,0.4891506333236598
ExtFP925,0.4789594491201055,0.4891506333236598
FP229,0.4789594491201055,0.4891506333236598
FP415,0.4789594491201055,0.4891506333236598
FP860,0.4789594491201055,0.4891506333236598
ExtFP465,0.47688193775068255,0.49009403619092173
ExtFP589,0.47352496217850076,0.49162488115272995
ExtFP851,0.4714869808478711,0.49255814624285843
ExtFP1012,0.47148698084782825,0.49255814624292227
GraphFP789,0.47092011848228155,0.49281826073573043
FP915,0.465925477973687,0.49512014180045993
ExtFP389,0.46120550720635206,0.4973121232305807
ExtFP504,0.46120550720635206,0.4973121232305807
ExtFP893,0.4589442815250066,0.4983680647986283
FP114,0.45674677367870614,0.4993978951529533
FP690,0.45674677367870614,0.4993978951529533
FP445,0.45160625423278766,0.5018210924498283
ExtFP110,0.4425879433238219,0.5061210301232691
FP377,0.4425879433238219,0.5061210301232691
FP400,0.439606741573049,0.507556385102459
FP675,0.4382876575315177,0.5081937206420218
ExtFP351,0.4363889857092606,0.5091135193752823
FP161,0.43192893182113706,0.511285520240858
FP838,0.43007767589240353,0.5121917841748149
FP123,0.4261579927200088,0.514119869173463
ExtFP310,0.4254162419300182,0.5144861580453003
FP545,0.42235563021508543,0.516002369622384
FP963,0.42235563021508543,0.516002369622384
ExtFP339,0.4190093708166142,0.5176690599523377
MACCSFP146,0.4171942685772136,0.5185770742716249
FP514,0.4155326916693889,0.5194107449750933
ExtFP801,0.41508565861052804,0.5196354398519458
FP164,0.41332067841374764,0.520524258420814
FP805,0.41332067841374764,0.520524258420814
FP264,0.41265655899797915,0.5208593942243112
FP1002,0.4116099943640912,0.5213882982645317
MACCSFP151,0.40941792020924417,0.5224991940219226
PubchemFP299,0.40941792020924417,0.5224991940219226
PubchemFP393,0.40899995916541076,0.5227114834812298
FP881,0.4086161879895133,0.5229065420032118
GraphFP156,0.4086161879895133,0.5229065420032118
FP56,0.4082664166632271,0.52308443194867
ExtFP357,0.40823551332216446,0.5231001542170517
ExtFP855,0.40823551332216446,0.5231001542170517
FP216,0.40823551332216446,0.5231001542170517
FP293,0.40823551332216446,0.5231001542170517
GraphFP319,0.4070221066319469,0.5237181460241099
FP770,0.40675763482788113,0.5238530144115516
FP979,0.40495867768596094,0.524772039773017
ExtFP913,0.4017761244858671,0.5264049459489739
ExtFP909,0.3986846551768698,0.5279998246613565
ExtFP971,0.39276293887168434,0.5310791227554867
ExtFP111,0.3899270332799177,0.5325652664488796
GraphFP264,0.38717087824701496,0.5340168344684352
AD2D627,0.3844919652036948,0.5354346087205691
ExtFP33,0.3793564025822801,0.5381717570864808
ExtFP275,0.37217598097503946,0.5420419421572866
PubchemFP420,0.37217598097500554,0.5420419421572866
GraphFP279,0.3655757633542393,0.5456448708225985
AD2D548,0.3634963145545234,0.5467892075084015
GraphFP908,0.3634963145545234,0.5467892075084015
ExtFP237,0.35950868474716957,0.5489961750899526
FP347,0.35950868474716957,0.5489961750899526
ExtFP187,0.35759751917745336,0.550059822834639
ExtFP70,0.35393349179606776,0.5521098533831234
ExtFP698,0.35232318178975247,0.5530153743490989
ExtFP982,0.3521780063836551,0.5530971479127339
ExtFP292,0.34881393709201947,0.5549984545147164
GraphFP476,0.34411810899950646,0.5576732352180227
ExtFP544,0.342642032126159,0.5585190897988571
GraphFP157,0.3412089256712942,0.5593426648250038
KRFP2265,0.34062877871825475,0.5596767225499049
ExtFP225,0.3384679893187166,0.5609243047543455
FP502,0.3384679893187166,0.5609243047543455
ExtFP983,0.3369818769065096,0.5617854445825561
GraphFP853,0.3369818769065096,0.5617854445825561
ExtFP189,0.3334517045454506,0.5638412565261826
GraphFP363,0.33230775897555964,0.5645105527421463
FP956,0.3300333899595767,0.5658458067267876
FP1009,0.32905661996613955,0.5664211360054712
ExtFP372,0.3280431202276772,0.5670193008139472
EStateFP18,0.32706374085682305,0.5675984951949122
ExtFP769,0.326722338204589,0.5678006676292996
ExtFP784,0.326722338204589,0.5678006676292996
GraphFP511,0.326722338204589,0.5678006676292996
FP108,0.3243248958531962,0.5692243509535035
ExtFP123,0.3243248958531371,0.5692243509535866
FP241,0.3235142118863011,0.5697073400817088
ExtFP177,0.32347668360995935,0.5697297180663301
FP93,0.320404913557776,0.5715672573432196
FP197,0.3173905695453739,0.5733817888216567
FP787,0.3172144201534469,0.5734881754616397
FP129,0.3156475745538909,0.5744361992573457
FP670,0.3135823672534504,0.5756904997543877
ExtFP486,0.31294252076158646,0.5760802107189896
FP283,0.31294252076158646,0.5760802107189896
ExtFP623,0.31266181477175714,0.5762513453098805
MACCSFP113,0.3121781432556045,0.5765464561892115
FP472,0.3119749394845305,0.5766705299463772
ExtFP423,0.31163228054648673,0.5768798734904189
ExtFP649,0.3115186968091441,0.5769492994932457
PubchemFP185,0.30888157894747964,0.5785658764800928
ExtFP226,0.30362147014442403,0.5818175396560603
ExtFP314,0.30362147014442403,0.5818175396560603
FP200,0.30362147014442403,0.5818175396560603
FP950,0.3011063011062975,0.5833853499494009
FP7,0.298664122137401,0.5849158383482811
FP275,0.298664122137401,0.5849158383482811
ExtFP682,0.2917508155973245,0.5892928443463699
FP998,0.2917508155973245,0.5892928443463699
FP883,0.28957648026315447,0.5906833275742027
ExtFP350,0.2874636461044966,0.592040946716647
FP395,0.28746364610435404,0.5920409467166918
ExtFP660,0.28541033434650115,0.593366489365933
FP128,0.28147482014391645,0.5959243425033431
MACCSFP93,0.28147482014391645,0.5959243425033431
ExtFP859,0.2777558666929911,0.5983625949288365
MACCSFP87,0.2777558666929911,0.5983625949288365
ExtFP561,0.2742406542056042,0.6006865243207389
FP951,0.2725557544385822,0.6018071587678755
FP157,0.2709174841315605,0.6029010153965483
ExtFP534,0.2693245375017894,0.603968648856523
FP723,0.2677756653992364,0.6050105932027687
ExtFP598,0.2648054145516043,0.6070194528804744
FP796,0.2648054145516043,0.6070194528804744
ExtFP601,0.2633817960824615,0.6079873408137042
ExtFP538,0.2593445037746562,0.6107503061376146
FP191,0.2593445037746562,0.6107503061376146
FP897,0.2580733818881057,0.6116258188221539
ExtFP46,0.255637733109453,0.6133110331614205
ExtFP287,0.25333872925937473,0.6149109792378535
FP60,0.2491266858280182,0.617866031981464
FP809,0.2491266858280182,0.617866031981464
ExtFP17,0.24815010570827306,0.6185556268208123
PubchemFP546,0.2462843154396066,0.619877845654218
FP426,0.2453939631516719,0.6205110080747356
ExtFP69,0.24369566157702474,0.6217227114343531
FP869,0.2432163615453887,0.6220656323197685
ExtFP506,0.24288670460426937,0.6223017332384748
FP385,0.24210390614931168,0.6228631740700826
FP874,0.24061499039074247,0.6239341780030242
ExtFP425,0.24046587382060478,0.6240416666045971
PubchemFP145,0.23990802248336038,0.6244441530492455
ExtFP97,0.23856707317075848,0.625414019639097
FP448,0.23793234511589317,0.6258742764151539
FP684,0.23510265398105612,0.6279354513647956
PubchemFP382,0.23510265398099786,0.6279354513647956
ExtFP385,0.23460337289196886,0.6283007215083318
FP340,0.23281953799746405,0.6296096949281131
FP985,0.23281953799746405,0.6296096949281131
ExtFP650,0.23274144136104788,0.629667143163138
FP790,0.23274144136104788,0.629667143163138
FP942,0.23274144136104788,0.629667143163138
FP632,0.23023170283189223,0.6315196781124508
FP719,0.2299967341607621,0.6316937527832867
FP335,0.22958435207820843,0.631999527425661
FP602,0.22940673480187443,0.6321313318317734
FP966,0.2286897223576079,0.6326640438246072
GraphFP534,0.22866187751123157,0.632684752140743
ExtFP518,0.2279945223041429,0.6331815309377002
FP112,0.22353949435796286,0.6365209340375906
ExtFP42,0.22141422144272865,0.6381283620872211
ExtFP484,0.21935357273005054,0.6396959368831188
FP53,0.21935357273005054,0.6396959368831188
FP872,0.20993748826229414,0.6469754138336398
ExtFP178,0.20654612643527753,0.6496456342105632
ExtFP912,0.20654612643527753,0.6496456342105632
PubchemFP383,0.20492339924051572,0.6509326696981127
FP320,0.19888168763500044,0.6557792358273762
FP316,0.1974763406939834,0.6569192130628481
FP671,0.1898304262390648,0.6632079831444972
PubchemFP443,0.18755542772216147,0.665108224472766
GraphFP838,0.18646491123556513,0.6660239582540995
ExtFP905,0.1854045729178792,0.6669174027981225
ExtFP508,0.18437360099901254,0.667789012286951
FP518,0.1833712183347571,0.6686392239343113
GraphFP94,0.1833712183347571,0.6686392239343113
FP219,0.18239668073003176,0.6694684586844853
AD2D168,0.17963315810017874,0.6718342806278365
ExtFP364,0.17963315810017874,0.6718342806278365
ExtFP400,0.1787631645078447,0.6725835143172582
ExtFP420,0.1779177372047449,0.6733136537997514
MACCSFP133,0.17709629964911847,0.6740250351630657
ExtFP386,0.17552320495276222,0.6753928068449919
FP370,0.17552320495276222,0.6753928068449919
FP623,0.17477050901216998,0.6760498096504385
MACCSFP148,0.1740397233156802,0.6766892801551205
FP663,0.17069871948684143,0.6796330601084065
MACCSFP16,0.1695007039965145,0.6806968536871747
PubchemFP637,0.1683773373787336,0.6816983642642536
ExtFP604,0.16682656433214138,0.6830873541319089
ExtFP281,0.16542990634445554,0.6843447699591736
ExtFP961,0.1618039329211945,0.6876383901871419
FP780,0.1615233770254741,0.6878950119706043
FP771,0.1597819206501927,0.6894937250772993
FP833,0.15962546663678598,0.6896378488703474
GraphFP340,0.15948231937218585,0.6897697864086703
ExtFP510,0.15935240810500556,0.6898895838983928
ExtFP161,0.15878330391026735,0.6904150509182284
FP57,0.15878330391026735,0.6904150509182284
ExtFP289,0.15877041696260294,0.6904269623626575
PubchemFP646,0.15839079005630255,0.6907781042860908
ExtFP352,0.15839079005623627,0.6907781042860908
FP1021,0.1565391347836795,0.6924978470364991
ExtFP976,0.15474939744144905,0.6941713013197037
FP776,0.14972494618512835,0.6989298514296484
PubchemFP577,0.14972494618512835,0.6989298514296484
ExtFP348,0.14663855703912432,0.7018985876710464
ExtFP886,0.14663855703906298,0.7018985876710464
FP413,0.14516783581655385,0.703325859568787
ExtFP150,0.1410227528722931,0.7073935781663657
ExtFP727,0.1410227528722931,0.7073935781663657
MACCSFP145,0.13846494138490525,0.7099377927581023
AD2D336,0.1360573788306747,0.7123571206619088
ExtFP543,0.13490652443293666,0.7135221960263401
FP433,0.13490652443293666,0.7135221960263401
FP521,0.1337892712118207,0.7146586637050953
FP999,0.13062757577340686,0.7179041820533699
FP996,0.1296334644853871,0.7189338168980787
FP124,0.1286675915934298,0.7199384853274664
FP709,0.12772903489086085,0.7209188265266159
ExtFP355,0.12593039629851827,0.7228089539172244
ExtFP522,0.12593039629851827,0.7228089539172244
GraphFP788,0.12341662970084458,0.72547622666372
KRFP3682,0.12341662970084458,0.72547622666372
GraphFP354,0.12262487757099595,0.7263226421943214
ExtFP273,0.12185507810597777,0.7271485361789293
FP478,0.12185507810597777,0.7271485361789293
FP930,0.12110659702065385,0.7279543696856854
FP597,0.12037882794098531,0.728740585905105
ExtFP128,0.1196711909768561,0.729507610944907
FP565,0.1196711909768561,0.729507610944907
FP408,0.11831411831410592,0.7309857109595759
FP201,0.11581868640150025,0.7337286364962412
ExtFP434,0.11256968171187912,0.7373497533931022
FP649,0.11256968171187912,0.7373497533931022
ExtFP45,0.11256968171187909,0.7373497533931022
ExtFP648,0.11114563451547069,0.7389552312159442
PubchemFP502,0.10984383225135255,0.7404329202662621
ExtFP198,0.10904023689254642,0.741349946660278
PubchemFP704,0.10904023689254642,0.741349946660278
FP839,0.10865697548270944,0.7417886274224019
ExtFP436,0.10792638248353242,0.7426272460146739
ExtFP599,0.10724228018332417,0.7434153559545132
ExtFP791,0.10629988113433671,0.7445056049120929
FP373,0.10519240463783562,0.7457936861465564
ExtFP369,0.10494111730446472,0.7460869949844833
ExtFP566,0.10494111730440618,0.7460869949845645
FP970,0.10383148117428426,0.7473868520420248
ExtFP917,0.10253890253886319,0.7489107183662478
ExtFP564,0.10193779514744473,0.7496229936245108
ExtFP723,0.10193779514744473,0.7496229936245108
FP455,0.10175139176731411,0.7498443401298855
FP199,0.08855984155426505,0.7661147957726294
FP820,0.08855984155426505,0.7661147957726294
AD2D163,0.08753612379974572,0.7674312644524803
ExtFP85,0.08753612379974572,0.7674312644524803
ExtFP568,0.08466324046525159,0.7711710351322736
FP717,0.08466324046525159,0.7711710351322736
ExtFP146,0.08376698682685528,0.7723517882604858
PubchemFP569,0.08376698682685528,0.7723517882604858
FP741,0.08289926723756269,0.7735014907877473
GraphFP944,0.07894958100949014,0.7788188269624308
ExtFP848,0.07823044238939202,0.7798023283273414
ExtFP139,0.07753282140205912,0.780761070973709
FP935,0.07753282140205912,0.780761070973709
ExtFP616,0.0768559190243913,0.7816957934025309
FP713,0.0768559190243913,0.7816957934025309
FP46,0.07556127786274547,0.7834959664685194
GraphFP526,0.07494213732743658,0.7843627343911481
PubchemFP531,0.07494213732743658,0.7843627343911481
ExtFP104,0.07375697117271797,0.7860327121114319
ExtFP860,0.07375697117271797,0.7860327121114319
FP152,0.07375697117271797,0.7860327121114319
ExtFP322,0.07318974252382804,0.7868370742248787
FP842,0.07318974252382804,0.7868370742248787
FP291,0.0710771326924436,0.7898626785736232
MACCSFP121,0.07107713269240837,0.7898626785737235
ExtFP836,0.07058558219952929,0.7905735452111478
FP301,0.07058558219945928,0.7905735452112486
ExtFP190,0.06832569308010424,0.7938763256929904
FP995,0.06750700951375822,0.7950871941999695
ExtFP959,0.06673299694409339,0.7962392224250416
FP141,0.06636198732592571,0.7967939547449415
FP855,0.06600126519993019,0.7973348930774204
FP1023,0.06600126519993019,0.7973348930774204
FP474,0.06465606279696605,0.7993661765106344
ExtFP908,0.06434297983139309,0.7998421585974017
KRFP3013,0.06434297983139309,0.7998421585974017
MACCSFP78,0.06434297983139309,0.7998421585974017
ExtFP202,0.06403873695698958,0.8003058834258359
ExtFP521,0.06374312673955183,0.8007575745593836
GraphFP198,0.06345595026238868,0.8011974472224976
FP384,0.06317701675303358,0.8016257086215788
FP555,0.06290614323041055,0.8020425582468534
ExtFP489,0.062140162795337045,0.8032265215792351
ExtFP962,0.06189984398686459,0.803599574452446
MACCSFP140,0.06189984398686459,0.803599574452446
PubchemFP20,0.06189984398686459,0.803599574452446
ExtFP813,0.06122182861361399,0.8046562390707015
ExtFP135,0.06100968098235378,0.8049881386672908
FP1019,0.060804247879319956,0.8053101176120969
FP240,0.0606054086616255,0.8056223118638546
ExtFP718,0.06041304767415601,0.8059248521367517
FP958,0.06041304767415601,0.8059248521367517
ExtFP126,0.0598737486450512,0.806775780915616
PubchemFP680,0.05987374864499183,0.806775780915616
SubFP184,0.05970623768038449,0.8070409130530648
PubchemFP576,0.05923916472143126,0.8077822728669395
FP678,0.05895648898099692,0.8082324536043805
MACCSFP119,0.05895648898099692,0.8082324536043805
ExtFP811,0.05869605984202323,0.8086482177530794
FP204,0.058345933182846546,0.809208722218167
GraphFP268,0.058345933182846546,0.809208722218167
FP549,0.05795223106834155,0.8098411152731098
PubchemFP641,0.057866518765099476,0.8099790936454754
ExtFP672,0.05763918728128456,0.8103455728891003
ExtFP919,0.05757321833673733,0.8104520639420638
KRFP3455,0.057455791470431936,0.8106417812575886
FP206,0.05740427526334686,0.8107250766275034
PubchemFP2,0.05727821719766212,0.8109290638459634
GraphFP839,0.05724562580012235,0.8109818418660077
FP981,0.05714807376308619,0.8111399111710913
MACCSFP136,0.05714807376308619,0.8111399111710913
ExtFP680,0.039590184669877876,0.8423486092591094
ExtFP764,0.03824769352967,0.8450100681239872
FP435,0.03824769352967,0.8450100681239872
PubchemFP611,0.03824769352967,0.8450100681239872
ExtFP622,0.03703265499290754,0.8474609879243847
ExtFP633,0.03628564804079294,0.84898856426845
ExtFP596,0.035584356525679844,0.8504375571087868
ExtFP261,0.035249732530010604,0.8511341611780645
FP97,0.035249732530010604,0.8511341611780645
EStateFP35,0.03524973252989261,0.8511341611783547
GraphFP682,0.034610493724761424,0.8524744781952278
PubchemFP386,0.03430512932926667,0.8531192679140817
ExtFP830,0.033721180779991373,0.8543606182968624
FP171,0.03317083509960576,0.8555407478489618
ExtFP331,0.03265178385136464,0.8566630761312729
ExtFP84,0.03216193999180324,0.8577307309243282
GraphFP885,0.03216193999180324,0.8577307309243282
FP960,0.031927372877021465,0.8582449608405179
FP702,0.0312624850180013,0.8597132477885986
GraphFP166,0.029741543139479274,0.8631337162336583
FP566,0.029574337412030905,0.8635151924333184
ExtFP746,0.02957433741193193,0.8635151924333184
ExtFP516,0.02866431613168001,0.8656111278253218
GraphFP297,0.02866431613168001,0.8656111278253218
ExtFP545,0.028393885789375562,0.8662405535275923
FP845,0.028016469745844815,0.8671241637203185
ExtFP488,0.02789785641070278,0.8674031246995361
ExtFP559,0.027782709036026972,0.8676745179977465
FP461,0.026978107222942443,0.8695872523778136
FP203,0.026647369317204146,0.8703819842449855
FP361,0.026498476125963417,0.8707414130702459
MACCSFP152,0.02629478724737947,0.8712348021328611
PubchemFP341,0.02629478724737947,0.8712348021328611
FP560,0.026231981226942667,0.8713873305014699
ExtFP763,0.026058360737674584,0.8718099564561359
FP102,0.025698920316916122,0.8726895198347754
ExtFP928,0.025664152181090378,0.8727749324635571
FP193,0.02552289313822141,0.8731225662233166
ExtFP300,0.025423384640310406,0.8733680459494193
FP209,0.025401720499965773,0.8734215549675628
ExtFP91,0.00983874516706629,0.9210188124617354
FP84,0.00983874516706629,0.9210188124617354
GraphFP706,0.009615089239083337,0.9219187681393065
ExtFP354,0.009405895964175855,0.9227701433219327
MACCSFP59,0.009405895964175855,0.9227701433219327
ExtFP264,0.009306336039005735,0.923178688463191
ExtFP122,0.009209945564215975,0.9235763345916913
FP977,0.009209945564215975,0.9235763345916913
PubchemFP682,0.009209945564215975,0.9235763345916913
SubFP18,0.009026155665154951,0.9243403985346024
ExtFP20,0.00893851557816427,0.9247075053905597
ExtFP866,0.00885356263963968,0.9250650935355456
ExtFP514,0.008771192377726821,0.925413467019426
ExtFP628,0.008771192377726821,0.925413467019426
KRFP1564,0.008771192377726821,0.925413467019426
FP374,0.008613809615674609,0.9260837147224069
ExtFP43,0.008613809615559298,0.9260837147227043
ExtFP808,0.008465637086538236,0.9267204064409891
FP49,0.008465637086538236,0.9267204064409891
ExtFP92,0.008394796835203923,0.9270267895341476
ExtFP263,0.008326018141690693,0.9273255061775705
FP606,0.00819436081365504,0.9279008051445783
KRFP3943,0.00819436081365504,0.9279008051445783
ExtFP148,0.008070130204991059,0.9284479401206054
AD2D714,0.00795284193406971,0.9289684094629669
ExtFP986,0.007896662209531034,0.9292190783879621
FP484,0.007896662209531034,0.9292190783879621
FP295,0.00784205647284289,0.9294635870985943
ExtFP335,0.007788975986044085,0.9297020899083057
ExtFP957,0.007737374236748363,0.929934734803246
AD2D636,0.007687206817770994,0.9301616637528363
ExtFP525,0.0076384313151421105,0.9303830129943003
FP761,0.0076384313151421105,0.9303830129943003
ExtFP166,0.00721913416516783,0.9323159934563171
GraphFP840,0.007183347485809596,0.9324835604503005
FP701,0.007148566860778384,0.9326468200322919
GraphFP455,0.007114768258567989,0.9328058536872316
ExtFP290,0.007081928637545418,0.9329607398275801
ExtFP751,0.007050025902632645,0.9331115539110616
ExtFP75,0.00698894719212195,0.9334012536851746
GraphFP684,0.006903853364660098,0.9338069920125083
FP420,0.006877155977395065,0.9339348068997176
FP189,0.00685126409104042,0.9340590042443737
MACCSFP157,0.006851264091040418,0.9340590042443737
ExtFP627,0.00677826623642033,0.9344104357360788
FP19,0.006755444283814451,0.9345206973620414
GraphFP465,0.006711985074989278,0.9347311852543667
FP767,0.006691322658613742,0.9348315010457301
FP376,0.006652073194099737,0.9350224870745607
PubchemFP256,0.006652073194040371,0.9350224870752382
FP221,0.0065982250142121454,0.9352854350331494
ExtFP805,0.006550172648303474,0.9355209946662334
ExtFP535,0.006507682391874232,0.9357300136036544
GraphFP316,0.0064486886292762545,0.9360213590282785
FP501,0.006411700841903058,0.9362047106871552
GraphFP499,0.006411700841903058,0.9362047106871552
ExtFP142,0.006403830022398435,0.9362437956457357
FP511,0.006377732950245157,0.9363735618804323
ExtFP894,0.006372539039419785,0.9363994201734978
ExtFP930,0.006363728779196265,0.9364433070090783
PubchemFP498,0.006357007941165823,0.936476806299159
PubchemFP606,0.006352363363285807,0.9364999671092649
PubchemFP651,0.006352363363285807,0.9364999671092649
ExtFP12,0.0,1.0
ExtFP233,0.0,1.0
ExtFP426,0.0,1.0
ExtFP501,0.0,1.0
ExtFP507,0.0,1.0
ExtFP556,0.0,1.0
ExtFP603,0.0,1.0
ExtFP669,0.0,1.0
ExtFP817,0.0,1.0
ExtFP998,0.0,1.0
FP24,0.0,1.0
FP63,0.0,1.0
FP94,0.0,1.0
FP105,0.0,1.0
FP417,0.0,1.0
FP422,0.0,1.0
FP439,0.0,1.0
FP442,0.0,1.0
FP443,0.0,1.0
FP525,0.0,1.0
FP550,0.0,1.0
FP772,0.0,1.0
FP797,0.0,1.0
FP840,0.0,1.0
FP945,0.0,1.0
FP946,0.0,1.0
FP986,0.0,1.0
FP1022,0.0,1.0
GraphFP690,0.0,1.0
GraphFP942,0.0,1.0
GraphFP947,0.0,1.0
MACCSFP102,0.0,1.0
MACCSFP107,0.0,1.0
MACCSFP135,0.0,1.0
PubchemFP381,0.0,1.0
PubchemFP541,0.0,1.0
PubchemFP655,0.0,1.0
